{
  "config": "configs/train_npe_dev.yaml",
  "base_model": "tbabs_powerlaw",
  "dataset": "modelA_dev_train_medium",
  "seed": 20260611,
  "param_order": [
    "tbabs_1_nh",
    "powerlaw_1_alpha",
    "powerlaw_1_norm"
  ],
  "n_test": 200,
  "rows": [
    {
      "n": 10000,
      "best_val": -11.58593505859375,
      "final_val": -11.390664306640625,
      "rs": [
        0.12956394956376735,
        0.9839496719824197,
        0.9898980204027588
      ],
      "mean_r": 0.701137213982982,
      "epochs": [
        69
      ],
      "wall_s": 134.1803704999984
    },
    {
      "n": 25000,
      "best_val": -12.406826578776041,
      "final_val": -12.132126770019532,
      "rs": [
        0.8096194358204795,
        0.9899455039912172,
        0.9989370606468707
      ],
      "mean_r": 0.9328340001528558,
      "epochs": [
        121
      ],
      "wall_s": 631.3682786000027
    },
    {
      "n": 50000,
      "best_val": -12.320266748046874,
      "final_val": -12.034712744140625,
      "rs": [
        0.7942024183359467,
        0.9899241070841942,
        0.9980701065370912
      ],
      "mean_r": 0.9273988773190774,
      "epochs": [
        55
      ],
      "wall_s": 606.1719066000005
    }
  ]
}