index,total_counts,soft_counts,soft_frac,sigma_eff_marginal,sigma_eff_conditional,absorbed_fraction_I,bnorm2,R_residual_power,sigma_post_pred,shrink_pred,min_prior_edge_margin,kT_ceiling_margin_frac_range,kT_ceiling_margin_frac_value,rank_deficient,already_run_ns,theta_tbabs_1_nh,theta_powerlaw_1_alpha,theta_powerlaw_1_norm,theta_blackbodyrad_1_kT,theta_blackbodyrad_1_norm
0,35534,11902,0.33495,0.0383842301548365,0.012420192827211645,0.8952989571231798,6482.511906425483,678.7257570641523,0.02307110019262957,0.7992063544029298,0.11822062950870219,0.20285454972997713,0.18256909475697944,False,False,0.19679550717331146,2.5838635738648605,0.0058017463938137325,2.4522927157290617,0.24153531342416987
1,1605,342,0.21308,0.24453539253138928,0.0554469026117347,0.9485872149005161,325.2710555260656,16.723090876843898,0.028668444196967558,0.9931040384620181,0.06501715288889352,0.2543839615873352,0.22894556542860167,False,False,0.20814738262520024,1.87325994323325,0.0001941033557579259,2.313163303714195,0.013490694440393216
2,13404,2966,0.22128,0.06990149570513039,0.011466239240478324,0.9730927656782592,7606.029439250694,204.65721637997723,0.02668178145605732,0.9242840223668066,0.11280534884886806,0.6347053242859769,0.5712347918573792,False,False,0.318222690486497,1.2256106976977361,0.0023994079292012052,1.2862956244278623,0.039585081345487196
3,8014,3267,0.40766,0.07204557099792795,0.01703745420880791,0.9440764377210625,3445.0108718175197,192.65728004170373,0.026796487682039728,0.9282575625937268,0.14239843037159688,0.574320200767316,0.5168881806905844,False,False,0.22830814711155276,1.943276713242749,0.001977140199388135,1.4493354579282467,0.019266235330567864
4,1473,248,0.16836,0.31480604922548766,0.03308783772305835,0.9889528402025417,913.4046659101529,10.090527304053465,0.028746903385419048,0.9958219444763902,0.058602563910635445,0.5565445102669416,0.5008900592402475,False,False,0.22240403811259668,1.3821951283633993,0.00013098004274426976,1.4973298222792575,0.039348684661571764
5,1593,478,0.30006,0.23828582887398586,0.0234077837620969,0.9903500699907405,1825.0694955585845,17.611792894174904,0.028657980125040054,0.9927415523773683,0.10310154066412314,0.8781047395344389,0.7902942655809951,False,False,0.2072862971285757,1.9165353634047122,0.00016076928538039844,0.6291172032570147,0.5788855062759918
6,1759,570,0.32405,0.16955168250728261,0.03406140483478947,0.9596428113696758,861.9357375076567,34.785303145814126,0.028457993388842803,0.985813808618698,0.15792083853746186,0.8420791614625381,0.7578712453162844,False,False,0.26453433514151137,1.6578594018237254,0.0003699223511444709,0.726386264051147,0.054833546946290807
7,14048,7441,0.52968,0.05762497808846568,0.010386405272330729,0.9675130468174262,9269.780934314133,301.1469392257782,0.025810023350834498,0.8940854357636886,0.006981178243906928,0.4070878043293318,0.36637902389639865,False,False,0.15139623564878138,2.6998143475397947,0.0032530065568780187,1.900862928310804,0.061913626499754404
8,25067,13677,0.54562,0.038981282279900026,0.006983136370654415,0.9679085896023977,20506.849939819138,658.0937373807825,0.023198835758432422,0.8036312442010117,0.023231223416166243,0.9767687765838337,0.8790918989254504,False,True,0.1802446117663593,2.409897164879708,0.006963380468605988,0.36272430322364885,0.022447042215387677
9,17288,7251,0.41942,0.04495335098266449,0.011062775234197849,0.9394374664041734,8170.9362556261,494.85260149071365,0.024290364555257318,0.8414429108815166,0.04995494560680269,0.6669241693929145,0.6002317524536231,False,False,0.21199206190208908,2.9000901087863946,0.003385542472835983,1.1993047426391306,0.6140307105213961
10,1868,916,0.49036,0.10936537144223253,0.025655702264965895,0.9449689056498656,1519.260288517265,83.60655627980606,0.027911555271104095,0.9668846369563832,0.08322154959781568,0.804642038883306,0.7241778349949755,False,False,0.2672810268795519,2.410392750928273,0.0005915452814860189,0.8274664950150739,0.014670438637778779
11,27675,2005,0.07245,0.09818473195974046,0.0057006475713599885,0.9966289866877878,30771.708854850993,103.73184018922178,0.027695286612632413,0.9593928708652288,0.16028042927356378,0.281682320530659,0.2535140884775931,False,False,0.29439660110232646,2.3721583354341145,0.0006216764650363206,2.2394577345672206,0.47801237663311535
12,56029,4747,0.08472,0.05661877153914005,0.004133204883266605,0.9946709108791355,58536.41652835174,311.9457804956318,0.02571768610899125,0.890886779877623,0.10118452962716562,0.12141576220290624,0.10927418598261562,False,False,0.3099341922409682,2.108559222885417,0.0023061973357931336,2.672177442052153,0.6275248675985853
13,981,364,0.37105,0.19935413359255374,0.06524921401656335,0.8928727198256515,234.8818348248885,25.16225212715087,0.028569536606284317,0.9896777790156661,0.020774270285099306,0.4628585830965272,0.4165727247868745,False,False,0.2634953602191295,2.2577631527918958,0.0002006357481473991,1.7502818256393764,0.011003948282249343
14,34837,17447,0.50082,0.03187386764942468,0.006634901725284262,0.9566689254370179,22715.955584415344,984.3067651976916,0.021396521997836933,0.7411972641103735,0.007846293255422333,0.5231261064328618,0.4708134957895757,False,False,0.19886570787038937,2.270409293133552,0.009645115073888683,1.587559512631273,0.014694798294549687
15,9320,2824,0.303,0.07819590363333802,0.01202125711969957,0.9763662973510626,6919.906516585404,163.5430129714235,0.027081054977297236,0.938115262864896,0.022227321227686437,0.8015296700868829,0.7213767030781947,False,False,0.2501985475881197,1.9034171695113602,0.0015191314009535943,0.8358698907654161,0.9027039805961359
16,20028,2942,0.14689,0.10390032017568668,0.009621037555362151,0.991425475451039,10803.293628970861,92.63310643124478,0.027813930340926763,0.9635028101733331,0.009765104493215822,0.009765104493215822,0.008788594043894241,False,False,0.1927165035935967,1.1991673248076244,0.0015960090973170908,2.9736342178683173,0.10532349769742387
17,30752,2102,0.06835,0.09215287480786022,0.005307999599394603,0.9966822474874973,35492.63453211434,117.75577739426096,0.027547521806498474,0.954274147829338,0.11808379205943688,0.30588718547867394,0.27529846693080656,False,False,0.30603202838121346,2.6799023675058837,0.0005946890465538054,2.1741045992075803,0.5805403573005091
18,1941,341,0.17568,0.2534365820048415,0.03338746178748776,0.9826448567641984,897.084167723508,15.569024225411315,0.02868204994276675,0.9935753553219995,0.12349016215558117,0.4205487887479661,0.3784939098731695,False,False,0.2326764701727374,1.6733342430573444,0.00017659578122472698,1.8645182703804914,0.033424599682051526
19,5335,1642,0.30778,0.08953750209509988,0.023672363707162043,0.9301006236510005,1784.5008140580635,124.73549399694048,0.0274748552904471,0.9517569058731379,0.2859259842989768,0.45769020302295865,0.4119211827206628,False,False,0.27735797106011506,1.9437363712917397,0.001130247394870515,1.7642364518380116,0.037312295533066524
20,73201,2635,0.036,0.10851629166345308,0.0028480012531727043,0.9993112042420241,123287.67082305558,84.92002467364594,0.027897285776260574,0.9663903271550367,0.017371887960077152,0.11020122323007613,0.09918110090706851,False,False,0.3175618166130701,1.9626243764669498,0.00013495406011353701,2.7024566972787945,0.9231158843595679
21,15436,4127,0.26736,0.06615743352313831,0.012599070987081065,0.9637323223004475,6299.744763659302,228.47711267783927,0.02645838653129124,0.9165453951698491,0.09156977847729941,0.9084302215227006,0.8175871993704306,False,False,0.26134537176174444,1.335640297104201,0.002924939942043631,0.5472384018887084,0.031471564133194505
22,38841,1541,0.03967,0.14803742492425387,0.003996755926106963,0.9992710928487651,62601.500770960534,45.63068158998766,0.02833383441456173,0.9815128155852889,0.07037691415195328,0.07037691415195328,0.06333922273675796,False,False,0.26608932862538665,1.8644702017151666,0.00014895011005558424,2.809982331789726,0.4428830891111282
23,23873,1453,0.06086,0.20408434660207114,0.005729108270612859,0.9992119483750628,30466.73677993675,24.00936142596387,0.02858298821941473,0.9901437565633788,0.0906275599991083,0.19271256787808544,0.1734413110902769,False,False,0.17525346960863963,2.4263499895318215,0.00015179417985112712,2.4796760667291693,0.34047466107980295
24,476,236,0.4958,0.1814903493934002,0.042193598156380734,0.9459512005861298,561.7031703947227,30.35938198679932,0.02850913282377701,0.9875853306102262,0.05574538504548178,0.9442546149545181,0.8498291534590664,False,False,0.3214651234756496,2.779270305255761,0.00017131752448244165,0.4505125396228008,0.06923091406175295
25,1791,490,0.27359,0.17514601445421624,0.048321077113517026,0.9238845718475744,428.2790069932231,32.59863998598484,0.028483224826564887,0.9866878512603513,0.2037949843296229,0.5327095797253203,0.47943862175278834,False,False,0.22546044169496726,2.520572814107676,0.00025561713839439434,1.561684134741635,0.041488754242268645
26,24321,15461,0.63571,0.028707693160535747,0.005359952453921836,0.9651401685315149,34807.92427705237,1213.3983740658384,0.020355674241292778,0.7051412401648024,0.02945191843111239,0.9592107139571401,0.8632896425614262,False,False,0.21655248400164895,2.941096163137775,0.008010731709616446,0.41013107231572177,0.0748012816787565
27,40284,15449,0.3835,0.03354176813951761,0.007750414191613935,0.9466077872688308,16647.544148341534,888.8492186197827,0.02187995648774128,0.7579439260832829,0.006074107777767299,0.6609621032613301,0.5948658929351971,False,False,0.22228778151516243,1.827168642685789,0.009724153022886421,1.2154023211944087,0.07607356772206049
28,9448,1318,0.1395,0.09744409835641424,0.013467479738774895,0.9808987592352459,5513.499484649559,105.31468111263865,0.02767848969341872,0.9588110085154539,0.17679459506635856,0.2572726552408961,0.2315453897168065,False,False,0.31464108098672827,2.13134014054991,0.0008085682069180211,2.3053638308495805,0.11916167664860614
29,18954,9845,0.51942,0.029802953829770305,0.007194932276655225,0.9417179524521312,19317.306877730076,1125.8521979446375,0.020735234130096727,0.718289580403275,0.08620749794279339,0.7552906489344153,0.6797615840409739,False,False,0.30000209497644736,2.6384096133972315,0.006723338916131144,0.9607152478770786,0.0599682481809933
30,51765,1904,0.03678,0.11270779668604411,0.003400015053668707,0.9990899740849275,86504.42430446108,78.7212678854869,0.027964821769982336,0.9687298426043516,0.08135594011406609,0.08135594011406609,0.07322034610265948,False,False,0.3289265584952613,2.088207297907958,0.00022447804891988134,2.7803389616920215,0.6129073932610609
31,18712,6888,0.36811,0.03939071503550907,0.0098722217410143,0.9371880792101764,10260.53950753446,644.4841948081098,0.023284264868265746,0.8065905953745457,0.06918479492300353,0.11063084200570741,0.09956775780513667,False,False,0.3070699541298264,2.030058906977149,0.005239920928967841,2.70129672658459,0.013752117990144246
32,1633,969,0.59339,0.10442741178791237,0.02236008441211915,0.9541522688259407,2000.106506003087,91.7003454067165,0.027823971008766813,0.9638506291101508,0.05098966919724024,0.9452025421811394,0.8506822879630255,False,False,0.25661736215894426,2.8980206616055195,0.0005421495877388844,0.4479531361109236,0.1384329005553435
33,29087,12331,0.42394,0.04452321012680469,0.009414453314116139,0.9552887024706669,11282.615491047389,504.4603781292827,0.024221807313660117,0.8390680183680541,0.054297081691676345,0.9457029183083236,0.8511326264774913,False,False,0.18244378650295542,1.87460887475524,0.006811714852902679,0.44660212056752613,0.4225139204036469
34,37074,2108,0.05686,0.14394485561286954,0.004519300620722871,0.9990142877230499,48961.81825593281,48.26226535667258,0.02830395199299198,0.980477658137049,0.07131030046979381,0.3116251176828107,0.28046260591452965,False,False,0.22399207254966708,1.4799154806981023,0.00022454332434259614,2.158612182256411,0.7200777622511569
35,18731,1070,0.05712,0.15281047412514712,0.006258282598750505,0.9983227256942473,25532.28358903362,42.82464323107761,0.028365802319430384,0.9826202162941696,0.17086791060360884,0.22698264403188156,0.20428437962869342,False,False,0.31190025837641067,1.9834007740790813,0.0002196523334026936,2.3871468611139197,0.29141341008425664
36,1398,316,0.22604,0.2483645618317993,0.026932184022692436,0.9882411759969062,1378.6589784111559,16.211408287421882,0.028674474234628378,0.99331292509402,0.02131611401126862,0.7114159202951985,0.6402743282656788,False,False,0.2211672329859155,2.732727210442849,0.00011031440528831673,1.0791770152029638,0.1280915989823584
37,94207,10509,0.11155,0.044760691563356186,0.0036774255276350275,0.9932501488261026,73945.58124050034,499.12166834071456,0.024259830424257646,0.8403851775563888,0.005256729468375077,0.13205472799554668,0.11884925519599203,False,False,0.23863652704975447,1.9075388098080812,0.004867949238189789,2.643452234412024,0.976082532824974
38,492,173,0.35163,0.31879952206713774,0.07067027404993005,0.9508596520119865,200.22875597586975,9.839310745861273,0.028749887799636442,0.9959253276174973,0.029883119559371583,0.9608132001568583,0.8647318801411726,False,False,0.22511979366793924,1.7377759239733237,0.00011475357891398904,0.4058043595764822,0.015863052117929054
39,27223,4208,0.15458,0.05533088407990787,0.008016743099793005,0.979007666638788,15559.80201582028,326.6365509505575,0.025593646781428753,0.8865899315281246,0.07959076355379097,0.11276649085208212,0.10148984176687392,False,False,0.3340818472892418,1.6116286244660292,0.0031763673309304808,2.6955304746993782,0.1802876485646885
40,3071,1518,0.4943,0.077800880919799,0.017826905692183495,0.9474971468116895,3146.64729558332,165.2079609954053,0.02706453650331531,0.9375430461408919,0.10254187917747316,0.8974581208225267,0.8077123087402741,False,False,0.29389368245746234,2.6881291536698475,0.0009830049640796304,0.5768630737791776,0.43401611270189855
41,1229,356,0.28967,0.3204247466291536,0.044182618081496365,0.9809869935960809,512.2678570995142,9.739752047554989,0.02875107079891923,0.9959663079147594,0.039479387360148555,0.9370474680260975,0.8433427212234879,False,False,0.1896786451100067,1.078958774720297,0.00015305612152168778,0.46997183632953643,0.3843748390326023
42,14066,1700,0.12086,0.1375548591729211,0.007342515756646472,0.9971507018169874,18548.56112951899,52.85038152383669,0.028252077909317587,0.9786806871666464,0.004622184753389047,0.6665673796158744,0.599910641654287,False,False,0.24218656635168104,1.009244369506778,0.0005056738221372064,1.200268075037139,0.9376239694293127
43,24505,1917,0.07823,0.16723316767493152,0.006170090328610379,0.9986387489997565,26267.392036660873,35.75651368369368,0.028446808282645036,0.9854263451742463,0.00742779117627851,0.14364822089335808,0.1292833988040223,False,False,0.1514855582352557,2.213277191672727,0.00041949210264740277,2.612149803587933,0.29961897105340807
44,18425,3073,0.16678,0.07175134867493566,0.00937679787194421,0.9829215296005108,11373.415131451047,194.24053366358902,0.026781268755934846,0.927730363528721,0.21263681320246564,0.4963075773254669,0.4466768195929202,False,False,0.30031626891427554,1.5835162562911729,0.0019366939216324318,1.6599695412212394,0.37560068323374146
45,34539,12442,0.36023,0.030736695215635837,0.0102235701047661,0.8893654388842221,9567.420039703266,1058.4873171028687,0.021042201349144442,0.7289232367962504,0.05026108140855326,0.4184138445997909,0.3765724601398119,False,False,0.2790249358383281,2.3078189723551406,0.00793373768474547,1.8702826195805644,0.26257327600628194
46,13847,8191,0.59154,0.04352309985445802,0.00811998780056247,0.9651926376574992,15166.635395094827,527.9105737136637,0.02405688371206929,0.8333548972216029,0.016993346631856924,0.983006653368143,0.8847059880313287,False,False,0.2020162099872446,2.6765862525583954,0.004206866444613493,0.3458820359060137,0.22969802317244278
47,17296,9257,0.53521,0.04692637054527614,0.008847469986932168,0.9644528927179197,12775.02632878662,454.11523144077876,0.024587655504542782,0.8517413714573727,0.10983616954899231,0.5317776404534376,0.47859987640809387,False,False,0.17822447439309963,2.400869119319987,0.004684630003870807,1.5642003707757184,0.01658335275918918
48,21022,9509,0.45234,0.03913901900272327,0.008959020316332446,0.9476036335738929,12458.878687779204,652.7999729832959,0.023231953627608038,0.8047784808420234,0.10925392327633528,0.6094054400713994,0.5484648960642595,False,False,0.2363308095124056,2.1474624969864307,0.005861858473758246,1.3546053118072214,0.01653894666003802
49,6334,1412,0.22292,0.1287499962449194,0.024683695691480788,0.9632441968272955,1641.2684935766722,60.32614170346546,0.028168163166224076,0.9757737951958054,0.1594579504214394,0.2959095119594533,0.26631856076350796,False,False,0.18189159008428787,2.4392844522124615,0.0006049647395801053,2.201044317709476,0.08030670049080509
50,20673,8632,0.41755,0.03783641245723148,0.00877231203756184,0.9462463151573406,12994.867543261083,698.5220144925601,0.022950501573335776,0.7950286956841397,0.13056244754880916,0.777241929524126,0.6995177365717135,False,False,0.2648421403972062,2.2193133482533813,0.005481193132294902,0.90144679028486,0.5378609676576928
51,20987,1006,0.04793,0.14091959330782267,0.005811467511337555,0.9982992954789548,29609.315765659816,50.3566971877127,0.028280236542937865,0.9796561308486872,0.016450682987948217,0.3472368700340568,0.3125131830306511,False,False,0.34670986340241033,2.5858985870363593,0.00016479758129607082,2.0624604509080466,0.4656533913543341
52,9078,3730,0.41088,0.04855417445305178,0.01077644493510697,0.9507396061889823,8610.908447111176,424.17674117531504,0.024813233164335025,0.8595556108136257,0.03683787693465746,0.8645293565886559,0.7780764209297905,False,False,0.34024876789561653,2.4379057696617443,0.002708776423404566,0.6657707372106287,0.8439646302301346
53,15994,8073,0.50475,0.03336768834307545,0.008487484250687106,0.9352997853024373,13881.680266195857,898.1476935857914,0.021831419356751005,0.7562625505447073,0.12860668150144358,0.44554894287632635,0.40099404858869375,False,False,0.2977858963062193,2.612396983714209,0.005530783225620117,1.7970178542339188,0.02205649662787377
54,4176,533,0.12763,0.1779247914415693,0.01956627441607984,0.9879067411305544,2612.0634342212124,31.588359293450125,0.028494904927714528,0.9870924618329256,0.08731367062613393,0.41786992306751747,0.37608293076076577,False,False,0.24015832765909143,2.825372658747732,0.00019654230261097728,1.8717512077177028,0.09584473930520965
55,20157,6780,0.33636,0.039071513398252114,0.015216397667340072,0.8483287618032873,4318.931347670255,655.0576651877445,0.023217812134862882,0.8042886051634339,0.1435532402759403,0.4594595310939132,0.4135135779845219,False,False,0.2732602787610131,2.7128935194481194,0.004073505021527913,1.7594592660464343,0.28063906813585265
56,11323,955,0.08434,0.14983111256683476,0.009420565398483842,0.9960467896028066,11267.979866951766,44.54469516539996,0.028346193733631283,0.9819409549567973,0.047394601568027925,0.047394601568027925,0.04265514141122514,False,False,0.27011852177863,1.2538939175867132,0.0005225466316716511,2.8720345757663246,0.0924432944179573
57,55841,5808,0.10401,0.0489957921068336,0.004555537377346148,0.9913550663952031,48185.98836331387,416.56467008236444,0.024871584763547797,0.8615769695044141,0.06534643155146791,0.11614941136661118,0.10453447022995006,False,False,0.3369307136897064,1.6218493329526265,0.0038889219857020725,2.68639658931015,0.5164143118367115
58,972,241,0.24794,0.3608200582355097,0.05297043571973311,0.9784480909259509,356.3960724067246,7.681015746857961,0.028775566368586962,0.9968148593392565,0.04800924396199401,0.7080429466562819,0.6372386519906538,False,False,0.20173601937332708,1.180426378778073,0.0001247436616512092,1.0882840440280388,0.020446456240454693
59,3272,1155,0.353,0.12850346855705244,0.02680523397438216,0.9564879540688676,1391.7486067198518,60.557829300183776,0.02816557442583488,0.9756841185981715,0.04536684689664871,0.9546331531033513,0.8591698377930163,False,False,0.22035082165976544,1.7246540619858775,0.0007125774327358657,0.4224904866209515,0.42415571967083804
60,3342,1714,0.51287,0.08056086129612777,0.019149819360072373,0.9434957438769229,2726.908946289709,154.08196152546395,0.027175498766716464,0.9413868916995647,0.09118042256469683,0.7801932222281077,0.702173900005297,False,False,0.24868015086278905,2.8176391548706063,0.0009423946724960797,0.8934782999841091,0.12521250384236077
61,15852,2179,0.13746,0.08714437213720413,0.009727067324102265,0.9875409435626566,10569.054964241459,131.68045228886825,0.027403118428150186,0.9492718680676614,0.018459017168160785,0.3398030898893515,0.30582278090041637,False,False,0.31277914394646744,1.0369180343363216,0.0016795013087859722,2.082531657298751,0.11865350760430134
62,10151,2771,0.27298,0.07564454426255052,0.02212398356907932,0.914459569209525,2043.023421557044,174.7611035950198,0.026970337551827123,0.9342798987409469,0.14471540621733403,0.14471540621733403,0.13024386559560064,False,False,0.2486038946618107,1.8847119449894352,0.001745888156874506,2.609268403213198,0.045866586682441465
63,9184,2535,0.27602,0.07587610694881708,0.017504591731395253,0.9467776689666418,3263.593264204304,173.69604106571938,0.026980790930667135,0.9346420144061801,0.12396661962342481,0.5900480510379849,0.5310432459341864,False,False,0.22715874319466167,2.7520667607531504,0.0012031163827407921,1.4068702621974407,0.3181930672270079
64,4699,1361,0.28964,0.08604928925805766,0.01773759285468678,0.9575092116457748,3178.4152520527186,135.05336977681324,0.02736848052085443,0.9480719757615792,0.15236468187406843,0.676313363524892,0.6086820271724028,False,False,0.3195270636251863,2.3862539689774316,0.000910842063770658,1.1739539184827914,0.21462678261683013
65,27742,6103,0.21999,0.054563320142169074,0.00892086914727392,0.9732691505302702,12565.670338339127,335.8910423003921,0.02551642318656914,0.8839148277313252,0.07352580485349891,0.8027340236953794,0.7224606213258414,False,False,0.27050645497722225,1.1470516097069978,0.004584785705678091,0.8326181360224756,0.0990777280572784
66,38005,8784,0.23113,0.03895028851442945,0.00785875604134093,0.9592913915989237,16191.69764905666,659.1414789440747,0.023192297845577584,0.803404764256211,0.11285542720360162,0.4871511021446735,0.43843599193020616,False,False,0.3010257596826517,1.8541549915703344,0.005946879595786579,1.6846920242093815,0.5928932894893083
67,1927,772,0.40062,0.12167076585103206,0.027103298272574704,0.9503782809308625,1361.305850248166,67.55033646818784,0.028087778560211614,0.9729891907606055,0.09539529282058246,0.9046047071794174,0.8141442364614758,False,False,0.27910718289131886,2.0945967921692628,0.0005725685998168824,0.5575672906155726,0.06555402039743437
68,1719,646,0.3758,0.20459823609709404,0.04339419373760504,0.9550158543370164,531.051638068528,23.888904241440702,0.0285843947774615,0.9901924811633949,0.12599087742861587,0.6686736722893795,0.6018063050604415,False,False,0.17519817548572317,1.9704169051834874,0.00030962133342013736,1.1945810848186753,0.03722798538100135
69,7385,706,0.0956,0.30242620032270906,0.011447224552149249,0.9985672791594317,7631.318782712716,10.93354946101309,0.028736895199666695,0.9954752507520969,0.04154873483722482,0.4859181971339636,0.4373263774205673,False,False,0.15830974696744496,1.3958083462559197,0.00012718090604888998,1.6880208677382982,0.22845208079406504
70,15632,4510,0.28851,0.06806219477504229,0.012108843168760817,0.9683485646364233,6820.162011038229,215.867917061498,0.026575939688903996,0.9206175560013581,0.04271780191166287,0.8496219250528719,0.7646597325475848,False,False,0.2320970632950576,1.4347392252973972,0.0027939984566529986,0.7060208023572455,0.8214183418081599
71,18976,6557,0.34554,0.05703520249523907,0.013551937718607023,0.9435431271874506,5444.991496374779,307.407192376244,0.025756373153515512,0.8922269384118371,0.17015815851946095,0.613381657859141,0.552043492073227,False,False,0.19321344127614373,2.237003354385151,0.0031992986844511717,1.343869523780319,0.45675539206038196
72,48004,15334,0.31943,0.038510331392716875,0.008709785162460832,0.9488482644432753,13182.115560096343,674.288089208234,0.023098396249917608,0.8001519175643136,0.011142887297402954,0.4639388143902276,0.4175449329512049,False,False,0.20466527341469007,1.5181861519762085,0.009499794821403122,1.7473652011463854,0.04999850492284114
73,14272,3419,0.23956,0.0649043484783392,0.017777015500791412,0.9249812000330285,3164.3338553057247,237.3845285198958,0.026376278333767218,0.913701083773259,0.3182361247355506,0.3182361247355506,0.28641251226199554,False,False,0.2605557694939075,2.1260461158587614,0.0020392859073801,2.1407624632140134,0.14523377507511157
74,46346,6387,0.13781,0.04599064890385703,0.005758734007275906,0.984321122614833,30154.071595682733,472.78199121225794,0.024450082442129126,0.8469757007803068,0.05522853268099482,0.2908249236672378,0.26174243130051406,False,False,0.338954293463801,1.6893819766313476,0.004324673152600657,2.214772706098458,0.5690317957677132
75,7864,377,0.04794,0.25404660580523514,0.009607577145023,0.9985697861909022,10833.586101044039,15.494344443763202,0.028682931039555555,0.9936058774100914,0.026759381656819885,0.16483293723525544,0.14834964351172988,False,False,0.3056050624962806,1.097262071190376,0.00011311462584638195,2.5549510694648103,0.09939734936750658
76,11634,923,0.07934,0.15517878246534317,0.00879883795233074,0.9967849631233829,12916.63422087453,41.5274553418855,0.028380617202799517,0.9831334189082406,0.2307119310490057,0.41558731990048686,0.3740285879104382,False,False,0.28965064332791396,1.862221561236511,0.00028935025011044756,1.8779142362686854,0.2927979542305753
77,5288,1885,0.35647,0.1032345885540709,0.030865007367936546,0.9106113645814732,1049.7049134482943,93.83168980526582,0.02780104418305469,0.9630564205703573,0.12392591282662348,0.3654655758238336,0.32891901824145026,False,False,0.1747851825653247,2.6949263759623774,0.0008618315350151641,2.0132429452756493,0.053259789680379935
78,49243,2279,0.04628,0.10242807583434739,0.003667530624951537,0.9987179366971016,74345.12602300607,95.31515782345095,0.02778511996006152,0.9625047893044528,0.09745227527038673,0.09745227527038673,0.08770704774334807,False,False,0.3115205045147018,1.57847115392883,0.0005439409236457734,2.736878856769956,0.5771992671981236
79,32726,8186,0.25014,0.04198607336385485,0.007588915831280262,0.9673300137580391,17363.630195754584,567.2695596057997,0.023787489056675087,0.8240227926129975,0.09143893791559823,0.8640121179823195,0.7776109061840876,False,False,0.3054868741875182,1.3622675042171917,0.006563298011431003,0.6671672814477372,0.18294012857465752
80,7125,1260,0.17684,0.10867540456426056,0.012910651077778407,0.9858865315437464,5999.343266813881,84.67154195441519,0.027899983609144797,0.9664837828275528,0.024036700586391183,0.6978755844407096,0.6280880259966387,False,False,0.34519265988272174,1.1931389253570694,0.0009289694368411691,1.1157359220100838,0.24744751617995323
81,24313,2041,0.08395,0.11046348037278116,0.0063375240030120236,0.99670843989714,24897.78805138002,81.95256579938751,0.027929555377636632,0.9675081789375033,0.10598620778898836,0.10598620778898836,0.09538758701008954,False,False,0.25458118353688197,1.3237803156499919,0.0009352986811987891,2.7138372389697314,0.2389685873220329
82,5128,339,0.06611,0.2834974036543659,0.012275433110189965,0.9981251113648539,6636.305214482867,12.442333225994503,0.02871900929411599,0.9948556648090329,0.033626853314442456,0.03552042502262252,0.03196838252036027,False,False,0.2312742876989584,1.740230966028806,0.00011674914443244008,2.904094852438919,0.05180045166772926
83,689,338,0.49057,0.2128508324949348,0.0456905221240513,0.9539211601974171,479.0135053389239,22.07238657578595,0.028605631153343063,0.9909281308033049,0.067807617828869,0.932192382171131,0.8389731439540179,False,False,0.22806690210971511,2.227037487297609,0.00020338399402533574,0.4830805681379463,0.02220358641412024
84,25744,5242,0.20362,0.05929486998282711,0.011250276985711462,0.9640008548555387,7900.845510433613,284.42368429406537,0.025955001750411877,0.8991076348450495,0.09777423087570589,0.09777423087570589,0.0879968077881353,False,False,0.22911203402747016,1.8696499012235157,0.0030367249622221615,2.736009576635594,0.1642295859937707
85,111273,14090,0.12663,0.03812967506092596,0.0035713938255205477,0.991226976788882,78401.52550660797,687.8184030565275,0.023015472343627875,0.7972793491871957,0.01153371630915912,0.06798995270757487,0.061190957436817385,False,False,0.23336458535151566,1.8384626858118367,0.007189958355538251,2.816427127689548,0.9482712144223383
86,40687,6954,0.17091,0.058503537448117315,0.007511545754863896,0.9835147939219915,17723.16848075242,292.1700847604688,0.025887543134120967,0.8967707998285664,0.05263650404424369,0.10640550448055053,0.09576495403249548,False,False,0.22906554641651142,1.1052730080884874,0.0045529774025232115,2.7127051379025136,0.15100621988135834
87,3934,1830,0.46518,0.06510589413908423,0.016661283752332435,0.9345098016014732,3602.3265460555367,235.91708019745676,0.026389752629057423,0.9141678470540354,0.06465525999632737,0.6552323368212326,0.5897091031391094,False,False,0.3370689480007345,2.6313842716903135,0.0013883390612800155,1.230872690582672,0.024635238015133204
88,643,188,0.29238,0.3664032509598608,0.07383403495367347,0.9593935924693274,183.43693884369569,7.448715094866168,0.028778334296228544,0.9969107431653944,0.00869869067479911,0.9913013093252008,0.8921711783926808,False,False,0.20644307211909496,1.3241341012136965,0.00011738035131305367,0.3234864648219576,0.025082224600218174
89,28082,13194,0.46984,0.040692224476662486,0.00888930688783636,0.9522786263512388,12655.05976664127,603.9168356712923,0.023544623176754355,0.815609671744045,0.028238403094833695,0.1259047723922576,0.11331429515303186,False,False,0.1801714002256769,2.120731193722119,0.007060806521825246,2.6600571145409044,0.011388769577054368
90,23150,2092,0.09037,0.07211213050392165,0.006673069639236367,0.9914368281282236,22456.84212131307,192.3017987821505,0.02679990829144305,0.9283760559793148,0.04728819515701255,0.19968531540639917,0.17971678386575926,False,False,0.3305332783031787,2.905423609685975,0.0009741720815754182,2.4608496484027222,0.3198853156935881
91,4246,674,0.15874,0.1654531385574102,0.014741531256330011,0.9920615598402566,4601.662942538392,36.530025904649904,0.028437909430366205,0.9851180798887267,0.05457985768108209,0.7460121579811251,0.6714109421830127,False,False,0.31877273614067025,1.1091597153621642,0.00038130294748811897,0.9857671734509623,0.3322081266902957
92,21250,1754,0.08254,0.161028172605699,0.006839428822431435,0.99819600246599,21377.668169410925,38.565260660500286,0.028414534958489824,0.984308364430927,0.006581771562301914,0.19092890628893985,0.1718360156600459,False,False,0.15131635431246038,2.9563114823500083,0.00034153859944520355,2.4844919530198624,0.2902019778774696
93,33507,2115,0.06312,0.09114331671007032,0.004713279473933099,0.9973257824970531,45014.622866411555,120.37889235791336,0.027520144724985058,0.9533257779064541,0.022260655318179345,0.022260655318179345,0.020034589786361412,False,False,0.3439917179470088,1.5386270165488722,0.0010087398520941676,2.9398962306409158,0.3140127719547869
94,687,349,0.50801,0.2470987474190287,0.046944831360340784,0.9639060444830836,453.7581446769963,16.377926289410027,0.028672511448441778,0.9932449321860283,0.008058025877183406,0.9919419741228166,0.892747776710535,False,False,0.180909813866576,2.2296116208157595,0.00018706681159522026,0.3217566698683952,0.019590337672400218
95,3057,458,0.14982,0.18611163658922966,0.023786684808976576,0.9836649382897281,1767.3890673485057,28.870409481197708,0.02852639927590288,0.9881834580571955,0.16369259896701882,0.16369259896701882,0.14732333907031694,False,False,0.2729539782102398,2.0938917456988437,0.0002417186460651085,2.558029982789049,0.03067050880197097
96,12831,639,0.0498,0.18246636362549037,0.0074455631518799215,0.9983349416056326,18038.68591598067,30.03546540776005,0.028512886363068583,0.9877153570254504,0.0638636512042688,0.17520036633122793,0.15768032969810516,False,False,0.3081922568926698,2.5824122124509525,0.00013419220910354223,2.5269590109056845,0.18012433914419732
97,44632,10280,0.23033,0.037145148000029646,0.006581179729886271,0.9686091325815589,23088.328727085755,724.762665985334,0.022793520446334488,0.7895907099282266,0.03638117943523025,0.24555887954131783,0.22100299158718606,False,False,0.31125859442276715,1.3146029938147448,0.00845741498948637,2.336991025238442,0.02902714058615247
98,16326,4798,0.29389,0.056793810516632626,0.011922449672665507,0.955931427842482,7035.079414807375,310.0259048253085,0.02573402989344771,0.8914529451789539,0.09821496573810569,0.5516635979505546,0.49649723815549923,False,False,0.2651800565444352,1.5177967712618798,0.0034985482155815233,1.5105082855335024,0.015719181607103158
99,9318,2005,0.21517,0.08971928673582662,0.015985509035455144,0.9682545625493026,3913.3352903929162,124.2305406847749,0.02748009312345633,0.9519383497310089,0.2954633275527453,0.4274931857823154,0.3847438672040839,False,False,0.2860992976888893,1.5909266551054906,0.0013042652753004864,1.8457683983877484,0.10506273867247676
100,7640,792,0.10366,0.19632808304837912,0.009335608898732467,0.997738896478763,11473.996191381311,25.943893190992032,0.028560427427743576,0.9893622278147105,0.015227678426539049,0.6269483847023812,0.5642535462321432,False,False,0.23561198554575885,2.969544643146922,0.00010767924535003595,1.3072393613035704,0.5189395742368906
101,60077,2432,0.04048,0.14292682572910922,0.0031334538788192474,0.9995193608794347,101848.20670683365,48.952232502723874,0.02829613284093718,0.9802067947644285,0.0011422777213588163,0.0011422777213588163,0.001028049949222935,False,False,0.2313077395022545,2.2277420484202084,0.0001118056749582539,2.996915850152331,0.6077453206046903
102,3558,699,0.19646,0.22023591502257414,0.01292818737692399,0.9965541292006743,5983.07881733109,20.61691658670522,0.028622680824354135,0.991518748732175,0.04247423190113501,0.7821466978702538,0.7039320280832285,False,False,0.1939592759251773,2.765451114319566,0.00012160416886965299,0.8882039157503148,0.658700100257994
103,2841,581,0.20451,0.21306153400751707,0.02905004550007319,0.9814098225707485,1184.967300691964,22.028752367724834,0.02860614185037749,0.9909458218675228,0.1880940288579282,0.540895006219294,0.48680550559736463,False,False,0.18761880577158563,1.9056806795723458,0.00027136640263798837,1.539583483207906,0.078694187474747
104,20526,5412,0.26367,0.04878572123739261,0.009193135874668424,0.9644907173964661,11832.394527648023,420.1598411587619,0.02484397413528638,0.8606205092848607,0.1345928756580994,0.725737065660234,0.6531633590942106,False,False,0.3230814248683801,1.457632713372937,0.004414373596575501,1.0405099227173682,0.041680206176093255
105,11243,3048,0.2711,0.06560595068463738,0.014462551131410241,0.9514036838855032,4780.905783750112,232.3344087807464,0.02642273611540763,0.9153104285374216,0.09002892382967434,0.09002892382967434,0.0810260314467069,False,False,0.30716024155605404,1.6045883958956892,0.002362526962583631,2.7569219056598793,0.0186100085310396
106,40895,10168,0.24864,0.03441178620169561,0.006753830948852716,0.9614800300414144,21922.982049822283,844.4726099617667,0.02211614108101491,0.7661256003935812,0.0340968322015583,0.29679820838627097,0.2671183875476439,False,False,0.33830970894711787,1.5387212033205673,0.008546854990425665,2.1986448373570684,0.08880567090626598
107,52006,5262,0.10118,0.086021641767351,0.0045867963099135295,0.9971568258962626,47531.453061622095,135.1401964578116,0.027367590594474706,0.9480411478074856,0.04862111014254427,0.04862111014254427,0.043758999128289844,False,False,0.1622039017956489,2.055371868558117,0.0017603868343281908,2.8687230026151305,0.48596419496535886
108,8282,3724,0.44965,0.07784227410369593,0.014807533600327534,0.9638145128680327,4560.731933437077,165.03230668973987,0.027066277798893527,0.9376033663891413,0.03137336389062731,0.13439505055661796,0.12095554550095618,False,False,0.15627467277812546,2.9040924075697494,0.0015523502699208258,2.6371333634971315,0.0368031159557001
109,3327,647,0.19447,0.1539064932579818,0.022620977273590245,0.9783972598879562,1954.2371868711089,42.216878065268084,0.02837274057582382,0.982860564545957,0.041087744821752814,0.9556767476939948,0.8601090729245954,False,False,0.3198664466947425,1.0821754896435056,0.0005367522404385012,0.41967278122621376,0.17660193570878185
110,7534,952,0.12636,0.13333242039472845,0.01450767233761125,0.9881607565611479,4751.21325027109,56.25077029985926,0.028213815984355836,0.9773552552060636,0.2916132378723847,0.2916132378723847,0.26245191408514623,False,False,0.26006124708469713,1.955264287836204,0.0005090622634176112,2.2126442577445613,0.11054640825434937
111,23855,3350,0.14043,0.0626498360600261,0.007417346204640782,0.9859829306320517,18176.19191692826,254.77694294472516,0.026218135001781336,0.9082228380557034,0.04010259678168963,0.04010259678168963,0.036092337103520666,False,False,0.2566842434150698,2.8208668935430143,0.0015513295883346995,2.891722988689438,0.21180624244355073
112,6592,1595,0.24196,0.08789706634989572,0.018834018970707418,0.9540868334385071,2819.1227931226763,129.43485435794256,0.027426252477146564,0.9500732550325917,0.16028532165801845,0.5886429695014296,0.5297786725512866,False,False,0.26332411742419354,2.679429356683963,0.0008339478993334047,1.41066398234614,0.23680981736197454
113,26257,12959,0.49354,0.03741017389601784,0.007807720837253594,0.9564418827294702,16404.063669954736,714.5301290491263,0.022854351227859743,0.7916979500135439,0.07386279128080951,0.8132638933761391,0.7319375040385253,False,False,0.19444902925387986,2.212991395272514,0.007116630497917699,0.804187487884424,0.030998435769714307
114,9803,4182,0.4266,0.04455404847208245,0.01063170027685855,0.9430582115624309,8846.969918323088,503.7622894026916,0.024226769050118228,0.8392398979608384,0.04715338194082042,0.7080840958325632,0.6372756862493069,False,False,0.3405693236118359,2.3487348032543647,0.003357925587372293,1.0881729412520793,0.04199997327410361
115,16614,2125,0.1279,0.0997529154798045,0.008606212327372768,0.9925565732698591,13501.30931078074,100.49600661576513,0.027729720267797263,0.9605856876699453,0.14199348674180123,0.49994874278925716,0.4499538685103315,False,False,0.2707501337391189,1.2839869734836025,0.0011348824964319104,1.6501383944690056,0.4065447692673844
116,3724,1187,0.31874,0.127758820851447,0.02016553947106405,0.9750863189665243,2459.1233320950396,61.26581431779372,0.028157668240000426,0.9754102402869844,0.179665151250479,0.8203348487495209,0.7383013638745689,False,False,0.24179426541386706,1.7940678546571205,0.0006191316225307696,0.7850959083762933,0.36426973660225626
117,39417,5066,0.12852,0.08507079567506791,0.005899505017349016,0.9951908296598333,28732.197984682738,138.1780343557337,0.027336508952471184,0.9469644481448303,0.06638701820205109,0.07076772860410188,0.0636909557436917,False,False,0.1632774036404102,1.9728097212678577,0.001920041998920836,2.808927132768925,0.3610927225735733
118,12774,2340,0.18318,0.08888708522043574,0.013951387787105033,0.9753647206915541,5137.6578604768065,126.56763638407865,0.027455875768341385,0.9510994359413284,0.21896469360885817,0.26917009485540894,0.24225308536986803,False,False,0.2575593043268929,1.4379293872177163,0.0015263827717594113,2.273240743890396,0.09738884107553297
119,6760,1057,0.15636,0.15086976013590364,0.016581773668465704,0.9879202605717178,3636.9558915891753,43.93347948255308,0.02835315693170343,0.9821821672136799,0.32491809500495683,0.459642490044346,0.4136782410399114,False,False,0.21926879636898397,1.9592733602769938,0.0004465151409272285,1.7589652768802657,0.15555508555957748
120,3906,2097,0.53687,0.092558276387913,0.018743492345917608,0.9589918186768956,2846.4199433074436,116.72650515685206,0.02755828651749462,0.9546470483568203,0.005191224970922254,0.3585745868146406,0.3227171281331766,False,False,0.17932662460831428,2.7201744254965323,0.001014886813321715,2.0318486156004703,0.010241945250700973
121,1463,352,0.2406,0.21194423769067658,0.04710155066698564,0.9506113468223888,450.74362156667536,22.261620397576966,0.028603416667363348,0.9908514187587145,0.08539903642922964,0.5071876098623906,0.45646884887615163,False,False,0.2182137741063379,2.8292019271415407,0.00015396612124924286,1.6305934533715452,0.038515670188005204
122,41654,5657,0.13581,0.08697099175904742,0.006271411786295551,0.9948002580563206,25425.491924934642,132.20599680076577,0.027397712740464406,0.9490846095532289,0.02114357986986563,0.02114357986986563,0.01902922188287907,False,False,0.1570801144229324,1.414990000959795,0.0025453655994435295,2.942912334351363,0.28546549838970736
123,9601,2745,0.28591,0.11846730954053963,0.026114794965856423,0.9514067227585764,1466.3132505299923,71.25296630577692,0.02804684473886305,0.9715712015941323,0.004350789621275428,0.37651678500191726,0.3388651065017256,False,False,0.15198644148820062,1.2979701158605381,0.001568936540207567,1.9834046804948233,0.010202381971486468
124,7231,1822,0.25197,0.13870285044958877,0.02761365283863064,0.9603651746685425,1311.4516349939056,51.97915648363775,0.028261906202784647,0.9790211492393793,0.07603027556807654,0.44480053321590884,0.400320479894318,False,False,0.1652060551136153,1.467830570522878,0.000938222823444701,1.799038560317046,0.06664388349493212
125,9915,2283,0.23026,0.1099525294230691,0.024714835628941546,0.9494751533962005,1637.1352028580666,82.71600499408403,0.027921242668206375,0.967220218235868,0.13791369396787337,0.32364638672545054,0.2912817480529055,False,False,0.17758273879357467,1.784036928055253,0.001181813181998135,2.1261547558412834,0.0963397660002106
126,5002,1141,0.22811,0.13466490209541063,0.02250809874917404,0.9720637065273791,1973.88740677137,55.143097877475704,0.028226262682280994,0.9777864214699203,0.35676706946118425,0.551559929248637,0.49640393632377333,False,False,0.22135341389223684,1.7465137088043283,0.000633017052230583,1.51078819102868,0.11276527764239203
127,59151,2595,0.04387,0.12974877020586287,0.003295629237484984,0.9993548358990513,92071.09448833844,59.400964898934,0.028178507666326343,0.9761321391909259,0.018213947404689932,0.15470574115227437,0.13923516703704694,False,False,0.25651882823731154,2.3789079731923293,0.00010874965673948957,2.582294498888859,0.8073552530281591
128,19332,10380,0.53693,0.03523953971295812,0.007938520141835352,0.9492520331252747,15867.952726074293,805.2663393125248,0.022331298055832168,0.7735788566333074,0.11277774344903031,0.4662263070712359,0.4196036763641124,False,False,0.23156712423409018,2.558236749319405,0.005949007454183702,1.741188970907663,0.02018721404518791
129,1207,259,0.21458,0.17050776108015014,0.04520319004175651,0.9297170688264065,489.3975950796164,34.39629749150287,0.02846247713864333,0.9859691302679569,3.126961048716126e-05,0.49248269919060506,0.4432344292715446,False,False,0.34762306570461676,2.9999374607790257,0.00016765740863438827,1.6702967121853662,0.031207262722113355
130,14862,3951,0.26585,0.053118931661043346,0.010265914864231954,0.9626494799604786,9488.655591133751,354.40622080475833,0.025363999570990135,0.8786347188022016,0.027838419809949326,0.6230790205896961,0.5607711185307266,False,False,0.34151104197674476,1.547169138148652,0.003491010853589071,1.3176866444078204,0.011367810873669698
131,3329,526,0.15801,0.21653731366675302,0.02309140726214412,0.9886280402832629,1875.4228280970137,21.32723285296841,0.02861435622788041,0.991230376251275,0.15708767964444204,0.3709408377827077,0.333846754004437,False,False,0.24433928300404942,1.314175359288884,0.00027345762968330746,1.998459737986689,0.044178676861897775
132,9043,2228,0.24638,0.13616575614759024,0.026481557122514432,0.9621774128627657,1425.9784545426637,53.934194352758595,0.028239865711931763,0.9782576442397602,3.027866805116464e-05,0.20049399461139333,0.18044459515025402,False,False,0.15000605573361023,1.2164116674376484,0.0012162638667927294,2.458666214549238,0.02298821031229077
133,2761,240,0.08693,0.3147664557383713,0.019258732496397694,0.9962564941698341,2696.153400927344,10.093065975393175,0.02874687323113586,0.9958208999013792,0.004006461353372955,0.18710227888142153,0.1683920509932794,False,False,0.24979349566735892,1.6087045329260032,0.00010186216973354648,2.494823847020162,0.034325051364514914
134,936,368,0.39316,0.18186035297367364,0.06787548454617005,0.860700413741588,217.05715889542884,30.235972428559627,0.028510562716633915,0.987634863551777,0.025608795721603916,0.45330761607322556,0.40797685446590304,False,False,0.24407980831949988,2.6881511350529212,0.00020449513136954655,1.7760694366022909,0.011251685678899694
135,1828,595,0.32549,0.16156899854884738,0.026658458127639274,0.972775871378411,1407.1161442550892,38.307510896714874,0.028417492002091826,0.9844107994261042,0.01599704587265772,0.9496888905159624,0.8547200014643662,False,False,0.2773968214152623,1.699017235400202,0.0003442628186671042,0.43583999560690156,0.9289790247653802
136,4724,2359,0.49936,0.09928501751522674,0.018518485827067697,0.9652108743775976,2916.010295480487,101.44544848568952,0.02771960360829361,0.9602352363046813,0.0770964454051229,0.6497596844112505,0.5847837159701256,False,False,0.16541928908102457,2.296860269497947,0.0012000270578826984,1.2456488520896234,0.017816999791882948
137,4659,986,0.21163,0.1553506202432146,0.023678076593707412,0.9767690559366555,1783.6398133089335,41.435636732134014,0.028381666721822713,0.9831697753136743,0.03139958498683981,0.7507688545757489,0.6756919691181741,False,False,0.22411636224053555,1.0627991699736796,0.0006678143008531516,0.9729240926454776,0.046304763064098385
138,6535,2482,0.3798,0.07055083725796894,0.019523856427147674,0.9234179713699415,2623.4258246325694,200.90727161084618,0.026717468450270843,0.9255202561097514,0.015231669689296925,0.2186118774027492,0.1967506896624743,False,False,0.2700569941801589,2.080149777608005,0.0017042556711530732,2.409747931012577,0.010726630960161593
139,4155,647,0.15572,0.14804279205984794,0.020879649967824196,0.9801083003496803,2293.7895638581103,45.62737306530329,0.028333872043442707,0.9815141190879626,0.2557877721314499,0.3511869601804179,0.31606826416237616,False,False,0.2837085461692983,2.368281542486912,0.000324769730005341,2.0517952075128716,0.07329435620689835
140,5297,1646,0.31074,0.07424262133910822,0.02699461091876213,0.8677951007298002,1372.289863854364,181.42344322038247,0.026905222571811452,0.9320242496665273,0.08931764623607164,0.1768059224121319,0.1591253301709187,False,False,0.29694928916031843,2.8213647075278567,0.0010185140198573249,2.522624009487244,0.035700568714053776
141,11983,6299,0.52566,0.06338977731308229,0.011110936743100389,0.9692770511418151,8100.254234544218,248.86369658619802,0.026271582551173338,0.9100743154774432,0.028804286335241822,0.5968492714991755,0.5371643443492581,False,False,0.15576085726704836,2.475818617471985,0.0029171836540996363,1.3885069669522259,0.060084787982883046
142,56429,10659,0.18889,0.04657935128349557,0.00686408870867856,0.978284046476395,21224.3415059348,460.90681371200077,0.024537333553390044,0.8499981679347219,0.021014036668545424,0.021014036668545424,0.01891263300169088,False,False,0.2258159434028155,1.2849729806984742,0.006653952920345198,2.9432621009949274,0.20659612784289463
143,779,308,0.39538,0.1958169439704589,0.0399715826088206,0.9583320484347144,625.8889907170303,26.079512150442692,0.02855884782278077,0.9893075086936811,0.10226502818401503,0.8977349718159849,0.8079614746343865,False,False,0.3249522575601089,1.9753081303677775,0.00021626264627360917,0.5761155760968406,0.06409675209273515
144,11312,1042,0.09211,0.2167537258012771,0.009871935770333731,0.9979257003244459,10261.133971686875,21.284666868286816,0.028614854878059696,0.9912476500001896,0.07320388238741163,0.36966522614475056,0.33269870353027553,False,False,0.16464077647748232,2.1816657958733447,0.0002179307752914696,2.0019038894091734,0.24175985003941755
145,4564,802,0.17572,0.18235880645600605,0.021095235032664753,0.9866181778156733,2247.1458608573525,30.07090633223886,0.028512475602060418,0.9877011278467323,0.1475185761622657,0.4673708146717598,0.4206337332045838,False,False,0.18089432959020726,2.7049628476754686,0.00025985419775567925,1.7380988003862485,0.12056368564349784
146,2006,318,0.15852,0.21944445810471258,0.02742250823124858,0.98438416843718,1329.797918946027,20.7659003148497,0.028620934197989886,0.9914582438200806,0.062027045662004184,0.062027045662004184,0.055824341095803774,False,False,0.27338633728742956,2.323313756847819,0.0001557217790579336,2.8325269767125887,0.017174731632692834
147,51594,9827,0.19047,0.05272749543345246,0.007070154497985109,0.9820202552141276,20005.16748464837,359.6878057726103,0.025321017981958675,0.877145792882351,0.03589431294589481,0.03589431294589481,0.03230488165130533,False,False,0.17713478786541062,1.9569877404776288,0.004709075262649312,2.903085355046084,0.344375529087629
148,11482,4809,0.41883,0.039765752975061075,0.01459419846000571,0.8653079152996904,4695.042247400041,632.3850280583381,0.02336101093449706,0.8092491570944194,0.02629940951252907,0.2963030634397352,0.2666727570957617,False,False,0.31103780053887414,2.947401180974942,0.003252456686952204,2.199981728712715,0.06750539888440468
149,13802,1118,0.081,0.2180794718459861,0.007494756881272943,0.9988189031106891,17802.660133523594,21.026666505163803,0.028617877847667453,0.991352368739197,0.042391923146607,0.5122026531708762,0.46098238785378864,False,False,0.18697617995929527,1.084783846293214,0.000129989074117726,1.617052836438634,0.5084504428985673
150,3652,573,0.1569,0.28575319935598603,0.019399543254960884,0.9953910626276192,2657.1556190359875,12.24666383680653,0.028721326976001098,0.9949359516646488,0.018335698676918283,0.572363099567314,0.5151267896105827,False,False,0.15366713973538365,1.9022572060300147,0.00017312939480916762,1.454619631168252,0.14490012954284148
151,1595,398,0.24953,0.26773260579976854,0.03161866837088304,0.9860528773131355,1000.2598779711336,13.950747236811502,0.02870116111473111,0.9942373857386886,0.1322385003988867,0.7549413841189009,0.6794472457070109,False,False,0.20979062277979257,1.4270045710117105,0.00018385565857044793,0.9616582628789674,0.10328750216559024
152,4965,1419,0.2858,0.13523940325794925,0.024325138923441073,0.9676477740590981,1690.0102611346515,54.675593810670904,0.028231520879563196,0.9779685707669001,0.18782709696161065,0.8121729030383892,0.7309556127345503,False,False,0.1967748186437246,1.4038288896323217,0.0008316727173077957,0.8071331617963489,0.1799268032066056
153,7149,2587,0.36187,0.1055941573916084,0.022834539210511498,0.953236745715901,1917.8537922735532,89.68508456781174,0.027845701380076596,0.9646033912536685,0.090964438931795,0.7081312004734284,0.6373180804260855,False,False,0.168192887786359,1.714309186658561,0.0013750838827209992,1.0880457587217434,0.08437515582954373
154,10725,2781,0.2593,0.10414662898708187,0.022108263962753102,0.9549371300099682,2045.9297502930362,92.1954663461934,0.027818639945892995,0.9636659556750349,0.14087618433362661,0.4446754790462511,0.400207931141626,False,False,0.17817523686672532,1.576363726957355,0.0014490448235157404,1.799376206575122,0.1109578547791937
155,6847,969,0.14152,0.15636193884628147,0.012914039668589828,0.9931787787181153,5996.195273958774,40.901374813063875,0.028387775834230636,0.9833814011752677,0.16081406076196858,0.568101740589022,0.5112915665301198,False,False,0.2155168071534195,2.678371878476063,0.00028256201106474806,1.4661253004096406,0.3054237147849301
156,50314,2683,0.05333,0.13507869938017592,0.00379354004567849,0.999211293163585,69488.13473196032,54.80576691282129,0.028230056477635997,0.9779178423960879,0.03476029252580649,0.2539881786417618,0.22858936077758565,False,False,0.22204512659265685,1.8486271362681053,0.0002125444877711027,2.314231917667243,0.8520781229134183
157,23767,5964,0.25094,0.08190474551269328,0.01690338442597451,0.9574078849837555,3499.8760424998864,149.06712294475375,0.027225961165631193,0.9431349604754071,0.023676432900274495,0.2731432016491061,0.2458288814841955,False,False,0.1547352865800549,1.3407585234414696,0.0031326252632717993,2.2625133555474135,0.10396028062900604
158,19971,5037,0.25222,0.0602501129941802,0.011374665724060606,0.9643580420337284,7728.989456403138,275.47631732687677,0.026033579062654185,0.9018296327875671,0.1622119950683445,0.5065693704349972,0.4559124333914975,False,False,0.2557138053965063,1.324423990136689,0.0035138060837578973,1.6322626998255074,0.05135064900708544
159,1592,342,0.21482,0.2058287224203445,0.019238092234499894,0.9912640116064039,2701.9418298725022,23.604132465938065,0.02858772083491766,0.9903076991734541,0.008528978437020718,0.7987578510644269,0.7188820659579842,False,False,0.34829420431259583,2.0554991539482907,0.00015329572066788468,0.8433538021260474,0.29312968839906284
160,1611,617,0.38299,0.1335590066567278,0.039808319963237124,0.9111614752457465,631.0333340427954,56.06007046711998,0.028215957667669427,0.9774294452923208,0.1439419699442497,0.5555182137465674,0.4999663923719107,False,False,0.27319716688127416,2.431500102610536,0.00040104339545532275,1.5001008228842678,0.019403672678833358
161,5700,782,0.13719,0.2035899994098622,0.016072590660913502,0.99376754880788,3871.0451045978175,24.126099676901013,0.028581625284825156,0.9900965431242481,0.10283180717652789,0.4885506531824616,0.4396955878642155,False,False,0.17056636143530557,2.7313830398882217,0.00021120272002048588,1.6809132364073536,0.17540277867100754
162,33905,4090,0.12063,0.06799277750088605,0.006453446985047915,0.9909913870419609,24011.346039761884,216.3089230737602,0.02657180179868752,0.9204742152795365,0.11427447814256919,0.13894154193633373,0.12504738774270038,False,False,0.2835764487965966,1.2285489562851384,0.0026501110817517106,2.624857836771899,0.25464196772922043
163,26228,4289,0.16353,0.055435995276369616,0.0075972564601664416,0.9812185172364756,17325.525888172346,325.39906583770517,0.025604026142716636,0.8869494831501391,0.0901205472260569,0.48884209312766297,0.4399578838148967,False,False,0.3319758905547886,1.651896479847486,0.0030349364669021313,1.68012634855531,0.5331040016979971
164,34265,13848,0.40414,0.04511195272787055,0.010974635842944136,0.9408169988826944,8302.707972645992,491.37917522176963,0.02431529318152147,0.8423064638265647,0.07261748117770397,0.46259220186207356,0.41633298167586624,False,False,0.16473674907558503,1.9137827809678563,0.0071575606650998765,1.7510010549724013,0.11177940709137521
165,6086,1586,0.2606,0.08450345874887885,0.0217149219050239,0.9339660048604459,2120.720606688257,140.03965423440457,0.027317514038731908,0.946306445031194,0.18562772688398477,0.5337685878219286,0.48039172903973576,False,False,0.2919486885843405,2.6287445462320305,0.0008784584311253989,1.5588248128807927,0.15990707224015038
166,5129,856,0.16689,0.14838291627644118,0.019489558485696726,0.9827481292063224,2632.6674170098136,45.418438120978315,0.02833624862930783,0.9815964464373015,0.05048426084678648,0.31644830666263385,0.28480347599637046,False,False,0.2742406773103633,1.100968521693573,0.0006148278861005237,2.1455895720108886,0.028008975445037238
167,7699,1158,0.15041,0.1180957247152531,0.014324730171540675,0.9852868877286671,4873.344351304597,71.7020625776104,0.028041891988526052,0.9713996332897147,0.2291964227391059,0.46120830919902234,0.4150874782791201,False,False,0.29838316417846955,1.4583928454782118,0.0007579035704455517,1.7547375651626396,0.13647554748748741
168,2476,329,0.13288,0.24902071293026165,0.02633118680266888,0.9888192760756459,1442.3117173897936,16.12608912499631,0.028675480067509904,0.9933477681671146,0.07318676796644416,0.3120370593401443,0.28083335340612986,False,False,0.22776862003982973,2.230049509401387,0.00014007916230426832,2.1574999397816104,0.038989538776318285
169,2689,316,0.11752,0.177711877737845,0.01994043701216277,0.9874096897365685,2514.9575323928602,31.664095632180167,0.028494028823200186,0.987062112682294,0.004959194936694787,0.004959194936694787,0.004463275443025309,False,False,0.32519402482971466,2.9711217045714977,0.0001592956634185384,2.986610173670924,0.023177384857053607
170,78652,13227,0.16817,0.0402421500862219,0.00453441684526565,0.9873036019119632,48635.91783181892,617.5009741698206,0.023456471014741617,0.8125559912759829,0.023098873182627433,0.023098873182627433,0.02078898586436469,False,False,0.18883071433683715,2.585838209659686,0.005512588160234991,2.937633042406906,0.6268790460377687
171,579,218,0.37651,0.22518363414069056,0.04491421540940417,0.9602173244747564,495.7153473897583,19.720882818090175,0.028633192319428714,0.9918828776028287,0.08845952877930355,0.8673515185846579,0.7806163667261922,False,False,0.3300492043224684,2.0987306748583237,0.00015028618413170385,0.6581508998214235,0.05727851307102783
172,31111,6799,0.21854,0.06014390239573507,0.009518765572171876,0.9749517115902283,11036.68729285634,276.45012639992797,0.026024992278490054,0.901532177858649,0.021741641410793267,0.5971237005976372,0.5374113305378735,False,False,0.21977980472294187,1.0434832828215865,0.004520750314608635,1.3877660083863794,0.050132892475637715
173,7574,651,0.08595,0.16982007675745453,0.011289750932225406,0.9955803217299782,7845.692420830126,34.67543630561737,0.02845925951926409,0.9858576686630717,0.11269180820703831,0.11269180820703831,0.1014226273863345,False,False,0.3029054646527379,1.5024347689262232,0.00033676936589541103,2.6957321178409965,0.07684605402014809
174,3943,1348,0.34187,0.11232623478899662,0.028887821059620185,0.9338595466098923,1198.3134377218962,79.25699407438475,0.02795896561431084,0.9685269794211504,0.24254541343006863,0.6122420794764923,0.5510178715288432,False,False,0.21195278808124152,2.5149091731398627,0.0006558383183176694,1.3469463854134704,0.10797378155335995
175,14860,5141,0.34596,0.047695717358675276,0.01050968256156126,0.9514465128135984,9053.589573710027,439.58334535806915,0.02469637726802793,0.8555076038222681,0.03155659497322059,0.6274050141905629,0.5646645127715066,False,False,0.3052555811743257,1.8199289370678595,0.0039597303998034185,1.30600646168548,0.01156413598397929
176,24133,9232,0.38255,0.03768427952695043,0.008657321212306324,0.9472227654910468,13342.36868346135,704.1733209119532,0.02291641940986374,0.793848054908831,0.014538989977011434,0.6380710174717206,0.5742639157245485,False,False,0.2674731639184529,1.9116748482848247,0.006482943594776944,1.2772082528263544,0.010692468511185944
177,9584,3375,0.35215,0.09594142370638979,0.03266784719577691,0.8840612233883538,937.0418096239247,108.6394810417609,0.02764330660156168,0.9575922304621788,0.025682352633476794,0.37294016975252364,0.33564615277727133,False,False,0.15513647052669535,1.971126961714164,0.0016572047768640252,1.993061541668186,0.05923235978406279
178,18570,4602,0.24782,0.07862796741687804,0.014098228493104187,0.9678504430783655,5031.192218385005,161.75060060865306,0.027098871916506354,0.9387324597438071,0.02496624998685548,0.7445229263784556,0.6700706337406102,False,False,0.19099537203495007,1.1069138868853954,0.002885973986920361,0.9897880987781695,0.011218440786352573
179,6429,1521,0.23658,0.0943063135624188,0.01946960849855097,0.9573780907410238,2638.065428984562,112.43938533342224,0.027603259776248855,0.9562049677397059,0.037209352731141274,0.037209352731141274,0.033488417458027143,False,False,0.23695996144921017,2.767082314321479,0.0007450280187747337,2.8995347476259186,0.04346737541330183
180,2665,528,0.19812,0.17742126673048808,0.03225679459025943,0.966945463935321,961.0756691915166,31.767910368176494,0.028492828044065804,0.9870205164729057,0.2434257063168234,0.3150664165520103,0.2835597748968093,False,False,0.25297051160558176,1.9094419267096034,0.0003067972147988909,2.149320675309572,0.03299931222044103
181,14358,3021,0.21041,0.09807401186297453,0.012959470208033605,0.9825391004851401,5954.228603639516,103.96618733665387,0.027692797819935232,0.9593066565572084,0.043377839801471425,0.1326487426556418,0.11938386839007764,False,False,0.15867556796029428,2.5332194592192794,0.001167977295605365,2.641848394829767,0.1307238919474667
182,772,331,0.42876,0.20005814303945954,0.04151227395227893,0.9569433158865573,580.2924932746457,24.985470576328467,0.028571598012278984,0.9897491882140219,0.13517903302445644,0.8648209669755436,0.7783388702779893,False,False,0.24319606243759698,2.415291967367329,0.00018883862840076774,0.6649833891660324,0.0947795250578843
183,4370,1290,0.29519,0.17584635027343837,0.03385563875090691,0.9629323284425246,872.4448351910671,32.3394986028782,0.028486219453568957,0.9867915881827666,0.0198263384069218,0.8785352706048049,0.7906817435443244,False,False,0.15396526768138435,1.2933466669217781,0.0007047775794451492,0.6279547693670269,0.1445397799292785
184,17035,2032,0.11928,0.08009146480298632,0.007922889725344488,0.9902142357415425,15930.623637915585,155.89332741085175,0.02715734054531492,0.9407578724587136,0.013972009024887102,0.5143185035633171,0.46288665320698547,False,False,0.34720559819502256,2.169825594959737,0.0010657961974150456,1.6113400403790437,0.5662441187282965
185,18186,2380,0.13087,0.08517291282484116,0.009124648725142804,0.9885229755011893,12010.682633986686,137.84689883770562,0.02733989182423367,0.9470816342601925,0.04833567002243022,0.22781523098546647,0.20503370788691985,False,False,0.30176891546945495,1.0966713400448604,0.001751233975468367,2.3848988763392405,0.12471210825569878
186,18797,12063,0.64175,0.036561595165986185,0.00601310147732464,0.972951275215517,27656.863983854608,748.0829023011619,0.022656680619065495,0.7848504392616497,0.03406024326645848,0.9504631217457338,0.8554168095711604,False,False,0.18001547276218471,2.8892325346008167,0.005655271353210526,0.4337495712865188,0.011698238908253469
187,28207,5089,0.18042,0.08979278522926638,0.009561199051626765,0.9886618595184358,10938.941015178783,124.02724994964187,0.02748220268499061,0.9520114270861902,0.004032690253777255,0.4050336897101863,0.3645303207391677,False,False,0.15080653805075545,2.0227829527288357,0.0018573936807713977,1.906409037782497,0.5378856390990804
188,10192,5890,0.5779,0.05062968243215291,0.009396829329051313,0.9655529312891482,11324.976825696673,390.1122548635775,0.025077607898031134,0.8687138202336088,0.04088891910591208,0.7890434684693886,0.7101391216224497,False,False,0.1925731771616639,2.918222161788176,0.0028241677099591,0.8695826351326505,0.24723890398316967
189,12966,2702,0.20839,0.09577711500123119,0.0154191100405535,0.9740823802676146,4206.117340638065,109.01254978444942,0.02763936714791199,0.9574557637846722,0.1210461932649336,0.24667873797347936,0.22201086417613144,False,False,0.21748342763939787,1.2420923865298672,0.001664364229423677,2.3339674074716057,0.059652869689736356
190,3077,383,0.12447,0.313716257906092,0.021498588196923157,0.9953038081569107,2163.615669996079,10.160754261015855,0.028746069266138204,0.9957930497369103,0.09660773394705478,0.24179436569662666,0.217614929126964,False,False,0.19696089616100834,1.2521372427301176,0.00015603264405121211,2.347155212619108,0.03532429921270612
191,9048,3030,0.33488,0.057741044794626405,0.014178807013578478,0.9397010004073569,4974.169923290386,299.9374701782244,0.025820427162561204,0.8944458343737494,0.039709250597120105,0.18169305819612458,0.16352375237651215,False,False,0.3257004390761239,1.9474543337842016,0.002504084297086683,2.5094287428704636,0.01200655739295534
192,61356,4318,0.07038,0.07388319027950717,0.0037760391902147313,0.9973879486764687,70133.74240815674,183.19293468142638,0.02688800740380238,0.9314278987534764,0.017753936808263884,0.24056654182512952,0.21650988764261658,False,False,0.2795968428984261,1.61155950302617,0.0015147909025148517,2.3504703370721503,0.9214931822143311
193,40186,5365,0.1335,0.07512756954608063,0.006259012502584596,0.9930591451915527,25526.328967585454,177.17454315667325,0.026946695006879094,0.9334608969595425,0.006487176368992549,0.42929185915377727,0.38636267323839957,False,False,0.18287938668444015,2.3352422381987408,0.0017476924115283898,1.8409119802848013,0.9705672824070597
194,6207,2410,0.38827,0.06362864417873634,0.01932911815296205,0.9077176292501621,2676.5534370127025,246.99869660615917,0.026288507488157378,0.9106606124928684,0.19027034334338092,0.3403288480335018,0.3062959632301516,False,False,0.3093350111308768,2.3549325013950897,0.0017221687849613113,2.081112110309545,0.024018212709110504
195,15707,5360,0.34125,0.047950592810005306,0.011122440551007827,0.9461962897895811,8083.506906679093,434.92266309088126,0.02473155326028379,0.8567261359381441,0.20877115478605976,0.5761667150709484,0.5185500435638536,False,False,0.29931376223103445,1.9074376987149595,0.003823470030671187,1.4443498693084391,0.10629805050660801
196,3944,969,0.24569,0.19688851115306905,0.018356939198688662,0.9913071979700069,2967.559675580827,25.796408772014733,0.028562145531713292,0.9894217446820752,0.025791737993171585,0.6837645999369931,0.6153881399432939,False,False,0.1551583475986343,2.5688323709240057,0.0002771950890435609,1.1538355801701183,0.27704852913565386
197,6066,2392,0.39433,0.06161811623811806,0.014623674757492643,0.9436756479145728,4676.134142769172,263.3802258560181,0.02614095255477733,0.9055491596624348,0.04612461595879359,0.5848449347603463,0.5263604412843117,False,False,0.34077507680824126,2.207285268554138,0.0019108589412676505,1.420918676147065,0.018700835295387814
198,23449,2326,0.09919,0.09639747329810731,0.007026211878637264,0.9946873502762373,20256.178527198983,107.61398125701088,0.02765414414594225,0.9579676540121074,0.16793825411953814,0.16793825411953814,0.15114442870758435,False,False,0.2515590401778911,1.7843090254019036,0.0010422459696458435,2.546566713877247,0.26768345372069635
199,1112,454,0.40827,0.22236032149762597,0.048241167870723765,0.9529325099337279,429.69903048931883,20.22485484904276,0.02862727872968157,0.9916780248448852,0.07493531929680498,0.9250646807031949,0.8325582126328754,False,False,0.20375908861437492,1.824701528279983,0.0002521644563799369,0.5023253621013735,0.02432691499567656
200,4292,1591,0.37069,0.1556462590723645,0.02443138349864394,0.9753612456392908,1675.343551097197,41.27837822528205,0.02838346451241283,0.9832320526065433,0.016048663535508934,0.882210283171103,0.7939892548539927,False,False,0.15320973270710178,1.6970924623787782,0.0007051214439156881,0.6180322354380218,0.5925572978622549
201,7580,2317,0.30567,0.08930848156955615,0.01909800086029596,0.9542711366987043,2741.7268355323404,125.37605167155233,0.02746821515373072,0.9515268847898984,0.1608491612794273,0.8391508387205726,0.7552357548485155,False,False,0.23237456829385988,1.5056076587484009,0.0015782317305302834,0.7342927354544537,0.030627566651094465
202,6540,567,0.0867,0.25005022037922986,0.012762534367303579,0.9973949301902478,6139.403123874005,15.993573727902332,0.028677042509610378,0.9934018927491527,0.11741054081727685,0.17876211542794304,0.16088590388514876,False,False,0.17443851315078973,2.1937061696557407,0.0001717200798024572,2.5173422883445538,0.08422162156157839
203,55776,15294,0.2742,0.046706069215930984,0.009282363540422589,0.9605024179789027,11606.00766881404,458.40923983646707,0.02455580328501733,0.8506379782063344,0.02271284154980886,0.5105057716930145,0.45945519452371303,False,False,0.172007777728864,1.2021283478181817,0.009006878761625807,1.621634416428861,0.0132173490436154
204,3083,455,0.14758,0.17225601352507858,0.01747028589746069,0.9897138882114935,3276.4230731271423,33.70165399662769,0.028470488999625433,0.9862466692736405,0.18769361303355458,0.626749340510973,0.5640744064598757,False,False,0.3085363311588467,2.177142075378669,0.00023734890150717012,1.3077767806203728,0.17201229789745767
205,3094,910,0.29412,0.09402962789763519,0.03246278978172436,0.8808093347164626,948.9172053878157,113.10207300916883,0.0275962935818695,0.955963651687697,0.07191060762488823,0.07191060762488823,0.0647195468623994,False,False,0.31357818601726545,2.649784529422633,0.0006752390648525482,2.8058413594128018,0.014966927164119383
206,8932,2673,0.29926,0.06625385522096754,0.01845850364561707,0.9223805297022135,2934.992641059245,227.81257412692,0.026464543001963808,0.916758661569853,0.035647085504258866,0.035647085504258866,0.03208237695383298,False,False,0.24865442831621312,2.769852050452694,0.0014542172617798526,2.903752869138501,0.051157230991501434
207,14261,7763,0.54435,0.0444133312108879,0.009002889731332248,0.9589099031725897,12337.754896653034,506.95954333632835,0.024204069203908538,0.8384535522216547,0.04891168943899926,0.9510883105610007,0.8559794795049007,False,False,0.22431675407049584,2.4896251224325376,0.004308357362047619,0.432061561485298,0.10355880457674387
208,1440,320,0.22222,0.24950414598709866,0.028356349326214145,0.9870834924421494,1243.653407966388,16.06365864334446,0.028676216131384255,0.9933732661676744,0.12265067088038041,0.842125412078187,0.7579128708703684,False,False,0.2720665184227887,1.2745955357345675,0.00017591437989812676,0.7262613873888948,0.2187243515880326
209,50865,7816,0.15366,0.03474030289863628,0.005558895557979964,0.9743958815587257,32361.07731573986,828.5768564794386,0.022202622085260942,0.7691213902584554,0.05373138779389919,0.11962274878055654,0.10766047390250089,False,False,0.3125128481124593,2.8925372244122016,0.0044093613942488095,2.6770185782924973,0.5074897309946071
210,499,282,0.56513,0.19802898145865155,0.038457203906612884,0.96228640764588,676.1523940361124,25.500135757940242,0.028565597869788097,0.9895413371810846,0.018090335547196634,0.9771298254609693,0.8794168429148724,False,False,0.2442407334733666,2.9638193289056067,0.00014963010207286512,0.361749471255383,0.36102698956981194
211,14923,3757,0.25176,0.06985545030458656,0.019799000927197895,0.9196684847617316,2551.0175596451063,204.92710596572118,0.026679218518526542,0.924195239606408,0.2599268646977042,0.3315027062156079,0.29835243559404717,False,False,0.20198537293954083,2.457954134156542,0.0018277412356887384,2.1049426932178585,0.1811618982327281
212,4376,2246,0.51325,0.06445166190990978,0.014915641599406297,0.9464430744602339,4494.859501357755,240.73085562592746,0.026345628970630128,0.9126393586897976,0.04247983885325901,0.9575201611467409,0.8617681450320669,False,False,0.29502285714031906,2.6242702499566706,0.0015147456189565011,0.41469556490379933,0.17030184001407697
213,17723,3988,0.22502,0.05695774343516599,0.009506523404053077,0.9721427723377661,11065.13091466247,308.24387100217444,0.02574922815635648,0.8919794284498495,0.03992944408546584,0.7449230920767188,0.670430782869047,False,False,0.3420141111829068,1.3030557839116752,0.0034295628701824735,0.988707651392859,0.08211792099598343
214,59427,10347,0.17411,0.04068784966650229,0.005239030170353767,0.9834204658927385,36433.274094549815,604.046710489797,0.023543775663028572,0.8155803130073817,0.04388197569495545,0.5613719715094492,0.5052347743585043,False,False,0.29688790467782766,1.1421913785480347,0.007401903383546905,1.484295676924487,0.8170263224887441
215,82328,8759,0.10639,0.050026966212357596,0.003883776603338976,0.9939730144700829,66296.6399061055,399.56888939622206,0.025003368732371186,0.8661421000969177,0.0020048234919973706,0.2937910248202493,0.2644119223382244,False,False,0.27491309460980873,1.099552848556177,0.0050088754118235304,2.2067642329853268,0.9908099357856962
216,13516,7172,0.53063,0.04219887575118981,0.009361845023325007,0.9507823205471633,11409.775649957724,561.5626805684011,0.023825989688459285,0.8253564936204721,0.014731880278112518,0.5114016391680138,0.46026147525121247,False,False,0.23379031086438018,2.539843648130841,0.004164616497135697,1.6192155742463625,0.010701970772291904
217,1223,422,0.34505,0.16198920397950556,0.034206254507111934,0.9554098531261488,854.6512941258495,38.10902673099864,0.028419769748247774,0.9844897028674812,0.026535237315182127,0.9307999716623089,0.837719974496078,False,False,0.3249213245190729,1.8062477300641382,0.0003459831402965363,0.48684007651176575,0.011299792658628795
218,1270,521,0.41024,0.17655595590019624,0.040323853848317465,0.9478373893572288,615.0011615244115,32.0800661334499,0.028489218390679576,0.9868954744116525,0.10912499578387047,0.6915911021584883,0.6224319919426394,False,False,0.20624929265935618,2.781750008432259,0.00023892441921707352,1.1327040241720816,0.05247936783550663
219,3687,795,0.21562,0.15565775295007098,0.028791349964521623,0.9657876785830868,1206.3572623025411,41.27228240152202,0.028383534207187863,0.9832344669043709,0.28325895200065354,0.4387260908261418,0.39485348174352763,False,False,0.2303921085974402,2.2036777812984285,0.00036856823594412616,1.815439554769417,0.07068268370924123
220,2338,681,0.29127,0.20569636678867792,0.062187592981682874,0.9085983042347449,258.57855555981183,23.634518466697045,0.028587365879297028,0.9902954031500668,0.06748226998128534,0.3257952024360879,0.2932156821924791,False,False,0.17396527389767014,1.6918969753272506,0.00036348946943813603,2.1203529534225627,0.013644717232605784
221,23767,7691,0.3236,0.04838251068341527,0.010805173099492308,0.9501245697637627,8565.180953956355,427.19208512979867,0.02479023184573799,0.8587588217646028,0.08172166097301019,0.41299360097003596,0.3716942408730324,False,False,0.2377978505852713,1.5878586451086865,0.005093805027971884,1.8849172773809029,0.0145694555212496
222,11989,1685,0.14055,0.16742309647207027,0.009326105625036088,0.9968970847066966,11497.392040960758,35.67543359700217,0.028447741550307746,0.9854586745144238,0.07148815477715542,0.6125495011206333,0.55129455100857,False,False,0.17344887427636876,1.1429763095543108,0.0005488506127553297,1.3461163469742898,0.5494144453219937
223,2986,816,0.27328,0.11607676228501301,0.020893364318113238,0.9676014045858777,2290.7792770829406,74.21803098126568,0.028014193677185006,0.9704401356391836,0.02689854867404973,0.7190175438870448,0.6471157894983404,False,False,0.34462029026519003,1.8195276608746578,0.0006309129139135407,1.058652631504979,0.09990742560546916
224,8118,1890,0.23282,0.0997770363235806,0.02308115400521554,0.9464876728998389,1877.0894226839932,100.44742318291836,0.02773023824045657,0.9606036307692024,0.3020038549727443,0.4217635553085907,0.37958719977773164,False,False,0.21040077099454885,2.2664101837292616,0.0009468878959468283,1.861238400666805,0.1404375184288515
225,9010,759,0.08424,0.13954250495860318,0.010012103543890137,0.9948520107055251,9975.836790134565,51.35550099904167,0.028268947965597434,0.9792650830587112,0.037357495406748376,0.05038721588793383,0.04534849429914045,False,False,0.2620719413459139,2.9252850091865032,0.0002858600724706438,2.8639545171025786,0.09185315189351158
226,2751,1494,0.54308,0.11275464155466737,0.020065669642206883,0.9683307004245743,2483.6630963057146,78.65587064133516,0.027965536895504226,0.9687546152791057,0.09601592564873895,0.8770443914173567,0.789339952275621,False,False,0.18449793984571392,2.807968148702522,0.0006267689651327158,0.6319801431731367,0.3959080425393723
227,4890,1555,0.318,0.15230531013199713,0.03534129666273048,0.946156303373437,800.6358651301866,43.10919463041555,0.028362555625282226,0.9825077475097448,0.04228162615082993,0.518248884117548,0.46642399570579324,False,False,0.15845632523016598,1.4856786893741825,0.0008104116736202907,1.6007280128826202,0.025113707760294573
228,22159,11508,0.51934,0.036293450377641125,0.008042049672567613,0.9509005094032648,15462.029499741288,759.1777720289903,0.022592436879298402,0.7826249708347529,0.11183378381334527,0.6875277133562239,0.6187749420206016,False,False,0.2079840333899572,2.6295270236086568,0.0059749246448089575,1.1436751739381954,0.30973003995453713
229,1254,418,0.33333,0.16378427843657226,0.022626809902154172,0.9809145575327184,1953.2298092883254,37.278255150551765,0.028429309386953136,0.984820165645952,0.04386151859371968,0.889814768509392,0.8008332916584529,False,False,0.34122769628125604,2.3780792970610376,0.00022275577122488774,0.5975001250246412,0.5723025266135107
230,4746,2607,0.5493,0.07646906430145646,0.015468770447855364,0.9590795842695331,4179.154342585186,171.0127331003719,0.027007181051037894,0.9355561949921805,0.0935626929885075,0.9064373070114924,0.8157935763103432,False,False,0.21495084301704193,2.5560369269445835,0.0013590755446815134,0.5526192710689702,0.1590090794718455
231,27108,6350,0.23425,0.048460387543231336,0.007925083711077379,0.9732555327772976,15921.80436880895,425.8201750678909,0.024800688966834586,0.859121067065407,0.16072265501825478,0.7161650096463748,0.6445485086817373,False,False,0.3051909846372136,1.3438527139885106,0.004770398831559216,1.066354473954788,0.4584027208181255
232,26633,14054,0.52769,0.025907687808422453,0.006137335255601155,0.9438819741402114,26548.519355821598,1489.850495749096,0.019281282994970988,0.6679232356480705,0.01702367517526042,0.8178992134832197,0.7361092921348978,False,False,0.282296362667403,2.5899237406265154,0.009245973612461789,0.7916721235953068,0.05113233522483992
233,64585,14733,0.22812,0.041984354374232424,0.0070048833754539,0.9721627160120933,20379.718541951184,567.3160126459039,0.02378717643334219,0.8240119630230733,0.006942738007625673,0.33813618004158646,0.30432256203742786,False,False,0.20882436097377488,1.0856041343262064,0.009685332259824882,2.0870323138877165,0.044474626000869294
234,28953,1568,0.05416,0.16972957502860017,0.0050889397148024635,0.9991010416627519,38614.052949504956,34.71242483389583,0.02845883323619275,0.9858429017843122,0.08611266917332089,0.315861404073685,0.28427526366631656,False,False,0.22798633444030278,1.449483240036063,0.00014867068359748092,2.1471742090010504,0.5680591461054023
235,5687,1518,0.26692,0.143347674097056,0.029191233487321035,0.9585309972031101,1173.5324598702841,48.66522086060192,0.02829938465446948,0.9803194408895222,0.1370679959376378,0.4704470001307459,0.4234023001176714,False,False,0.17741359918752755,1.3252675433043046,0.0008677023766484051,1.729793099646986,0.026305983313188855
236,20777,12368,0.59527,0.04124414130201288,0.006517574022730167,0.9750283400396508,23541.170639391545,587.8621082754426,0.02365010046517926,0.8192635121959756,0.02156356303107998,0.6387323968690537,0.5748591571821483,False,False,0.15936350279603986,2.95687287393784,0.005253167431327502,1.275422528453555,0.1940389730381562
237,40647,8662,0.2131,0.047258624751591254,0.007611538447339429,0.9740592378165626,17260.56903505259,447.75231648910346,0.024635083268789968,0.8533843174046832,0.05941141236312819,0.2830373216808676,0.25473358951278086,False,False,0.25967389668974056,1.1188228247262564,0.006323121750601847,2.2357992314616575,0.03969569224413822
238,10496,613,0.0584,0.20318725547269925,0.008646150937384795,0.9981892741682378,13376.865929951906,24.22183668738397,0.028580507688007226,0.9900578284348275,0.08506642662359022,0.29645813422387374,0.26681232080148637,False,True,0.27663453903375484,1.7677794875049955,0.0001479560925373897,2.199563037595541,0.1949279342986722
239,1640,729,0.44451,0.13888307887839518,0.034577847066801455,0.9380134840561732,836.3808907850034,51.84433742175664,0.028263428013837955,0.9790738663206563,0.14635472220421475,0.6716469935829299,0.604482294224637,False,False,0.21867687069220668,2.7072905555915705,0.0003784870771898815,1.1865531173260893,0.04020427770698902
240,29592,7198,0.24324,0.06607300815949298,0.011422008486129237,0.9701161328191432,7665.050897658753,229.06136296014122,0.026452977421332978,0.9163580181044204,0.04151588402587081,0.5138576083494601,0.46247184751451414,False,False,0.18404932362338267,1.0830317680517416,0.004402743993029832,1.6125844574564576,0.019043007543223082
241,9532,4876,0.51154,0.05476260858377456,0.011734319429520818,0.954085743293463,7262.467256493569,333.45078593746547,0.025536717891268268,0.8846178569245952,0.22197169280096818,0.7780283071990318,0.7002254764791287,False,False,0.21674751124215802,2.3936965764569376,0.002774959082381854,0.8993235705626141,0.02808945203046489
242,5270,1584,0.30057,0.13145384647898872,0.028086928918546753,0.9543477787646311,1267.6270255124452,57.869989412626815,0.028195650728021042,0.9767259922679761,0.05258314091926841,0.9474168590807315,0.8526751731726584,False,False,0.1889184032715584,1.3643073848851557,0.0009595301483307528,0.4419744804820247,0.018408008734418453
243,11918,5962,0.50025,0.04153898863053141,0.009682307327580313,0.9456692262144651,10666.999455918743,579.5463344099446,0.023705294213629564,0.8211754797274976,0.13392363402456964,0.8660763659754303,0.7794687293778874,False,False,0.2792766833519027,2.491072923414062,0.0039056295916936787,0.661593811866338,0.2765689185634507
244,15691,3835,0.24441,0.0685661150482581,0.01119733576178916,0.9733307798716023,7975.7328335111515,212.70657462219782,0.026605658774826988,0.9216470553368206,0.19975392704172013,0.6493409937863693,0.5844068944077324,False,False,0.251319193627028,1.5628052930735814,0.002376220845142098,1.2467793167768026,0.3985585644379689
245,6954,3195,0.45945,0.0646468777159247,0.015383565614683297,0.9433736058253602,4225.57664515564,239.2791687237352,0.02635891199673443,0.9130994962116159,0.3133966103615847,0.6651173442282051,0.5986056098053847,False,False,0.24215142719559635,2.2920315843628627,0.001955285624546766,1.204183170583846,0.042344130625735894
246,8519,533,0.06257,0.3006985297531184,0.00943426677546302,0.9990156405924648,11235.274679428521,11.059548326937072,0.028735400264759143,0.9954234646878192,0.028502394151909836,0.028502394151909836,0.025652154736718853,False,False,0.17734652640306423,1.7608918624727583,0.00011747578281857444,2.9230435357898434,0.08437240977759616
247,8744,3142,0.35933,0.047797028365101406,0.018391357818762995,0.851944073954352,2956.4627532755503,437.72183075567773,0.024710408836079396,0.855993671597768,0.052537821397689595,0.388214262330174,0.3493928360971566,False,False,0.33949243572046206,2.846168347298466,0.0023236860635309654,1.9518214917085301,0.08029058296152022
248,8042,1396,0.17359,0.14337872601979823,0.016637741194706762,0.9865345988990505,3612.5284095587544,48.64414402328385,0.028299623497142313,0.9803277146424094,0.08102618605481435,0.2229439190199734,0.2006495271179761,False,False,0.16620523721096286,2.439537686255176,0.0005364195259426563,2.3980514186460717,0.09679238906696896
249,25797,1902,0.07373,0.119027589450964,0.005916157746566384,0.9975295036644274,28570.67554453506,70.58374923760796,0.028054229909814144,0.9718270314203299,0.11769524130626485,0.2908812964513812,0.26179316680624315,False,False,0.26570261789946,1.2353904826125297,0.0006893679104343248,2.2146204995812706,0.42052038534802566
250,33324,4687,0.14065,0.07047486989709255,0.007322132647320153,0.9892053983843279,18651.974604024264,201.34063519607602,0.026713336951863266,0.9253771368066852,0.19371069688716136,0.27789518646450234,0.25010566781805216,False,False,0.2361046359783065,1.3874213937743227,0.0025815364150011933,2.2496829965458436,0.36729475241821863
251,2902,737,0.25396,0.21839464805167785,0.02096558948981402,0.9907842608600604,2275.0232745322546,20.96602103538036,0.02861858856486423,0.9913769887050896,0.15496372074012638,0.7194958495781021,0.647546264620292,False,False,0.18099274414802527,1.721635088309342,0.0002735288094114748,1.0573612061391242,0.21054440375273906
252,12017,1860,0.15478,0.09102607786962924,0.012506479094687594,0.9811227615164329,6393.370561815986,120.68918080921804,0.027516911683923014,0.9532137820788057,0.16070373555833495,0.20757936086228698,0.18682142477605831,False,False,0.300442143899166,1.32140747111667,0.0014039953325763453,2.439535725671825,0.07602540575880727
253,3700,286,0.0773,0.30264805075721773,0.015331056353135867,0.9974339306003243,4254.571631508437,10.917526072342294,0.028737085328601083,0.9954818370115839,0.007107373589198781,0.440076027283735,0.39606842455536156,False,False,0.2710822257410828,1.0651363439656778,0.00010332722053431423,1.8117947263339154,0.09384600471555969
254,16042,7192,0.44832,0.04626828414041496,0.010495660756512261,0.9485420143183833,9077.796237698158,467.12510882010616,0.024491529274604882,0.848411461173523,0.18127788742925566,0.7660680673692277,0.6894612606323051,False,False,0.22580788188755793,2.2865906165072136,0.0039777357707269255,0.9316162181030851,0.4339545288663322
255,19190,9076,0.47295,0.03931511207072392,0.008805910872602341,0.9498316826445826,12895.893235467282,646.9652644185028,0.023268620476621617,0.8060486577509229,0.03955762866695888,0.960442371333041,0.864398134199737,False,False,0.23442102179638794,2.235332846633866,0.005562703516613142,0.406805597400789,0.03476184033741817
256,11616,5182,0.44611,0.06606608857617524,0.016616847344599155,0.936738414880947,3621.6188319691514,229.10934800738178,0.026452533313249732,0.9163426337491357,0.15285608839487166,0.4798773744691802,0.43188963702226224,False,False,0.18057121767897433,2.2045425802319825,0.0025965383839595462,1.7043310889332133,0.058070634024336286
257,13595,4691,0.34505,0.06831214108086649,0.01801249393583918,0.9304732545881971,3082.139595451028,214.2911349765609,0.026590750215294973,0.9211306076852782,0.19589821596563553,0.3072171455900833,0.276495431031075,False,False,0.19883613925450294,1.7242591487712582,0.002797225314076287,2.170513706906775,0.02464883694574711
258,16025,2105,0.13136,0.07005950935952777,0.008972542921552713,0.9835979962835545,12421.35319624721,203.73508128812907,0.026690543852868533,0.9245875606962687,0.026368710529070135,0.026368710529070135,0.023731839476163124,False,False,0.3282133406074375,2.456616945478223,0.0013225516984099698,2.9288044815715106,0.13313726592122838
259,22044,13444,0.60987,0.03068884896352492,0.00624022936684841,0.9586533901224666,25680.22911113239,1061.7904146236663,0.02102683081854299,0.7283907859974302,0.01974794862777246,0.06371728303691901,0.05734555473322711,False,False,0.21267182239210736,2.953958825090666,0.006785033166496995,2.8279633358003187,0.010952062089943725
260,40956,11088,0.27073,0.04070103170544056,0.008003581940653749,0.9613314439432518,15611.017435905938,603.6555028232029,0.02354632881304716,0.8156687567184123,0.054079636881660134,0.38559277557306504,0.34703349801575856,False,False,0.2517876054632937,1.3569625315552087,0.007795441669789956,1.9588995059527243,0.015967904695500353
261,11109,5509,0.4959,0.03863117482585872,0.010047449247915972,0.9323549829406875,9905.772685559037,670.0761623003126,0.023124393596973648,0.8010524920835749,0.10709670711159047,0.705629594853712,0.6350666353683408,False,False,0.3104395727671956,2.785806585776819,0.0037320117525456455,1.0948000938949773,0.13670834470194365
262,29034,11213,0.3862,0.03180976691470735,0.008547195166330351,0.9278018170148832,13688.402235714158,988.277769387973,0.02137709935851251,0.7405244441478338,0.053816401635183704,0.43633863308124443,0.39270476977312,False,False,0.28758443243601883,2.169955310206763,0.007804897370381557,1.82188569068064,0.10174332806146383
263,9407,3083,0.32773,0.07902148544724831,0.017123431235314214,0.9530439875039842,3410.502811478149,160.1436126334649,0.0271148756332508,0.9392868447540336,0.041575494160676296,0.13818001591521853,0.12436201432369669,False,False,0.1789156046514607,2.9168490116786474,0.0012827996838634097,2.62691395702891,0.06670552520541094
264,3024,1245,0.41171,0.09413208783838502,0.019329504331664183,0.9578336458285402,2676.4464898722604,112.855990612914,0.02759887979235466,0.9560532406468842,0.046623128934792486,0.9533768710652074,0.8580391839586867,False,False,0.32451380067463814,2.0933824329503308,0.0008714057318443373,0.4258824481239397,0.7531061062730039
265,12977,3512,0.27063,0.08011471569651703,0.015485150087266029,0.9626400534354558,4170.317897708013,155.80285381553378,0.027158246643588426,0.9407892606236408,0.11030287257316664,0.8896971274268333,0.80072741468415,False,False,0.21941426654574772,1.302509695088412,0.002351335338428798,0.5978177559475499,0.11766828849020583
266,832,162,0.19471,0.38269430650709196,0.05158180945064878,0.9818327520580113,375.843336135131,6.828039074911107,0.028785733745602622,0.9971670676106732,0.010955580929659203,0.7469751769641567,0.6722776592677411,False,False,0.22786230895240034,1.0219111618593184,0.00010836296959364328,0.9831670221967765,0.017556548091982625
267,12414,664,0.05349,0.2227460775617677,0.0076962458295723474,0.9988061830731461,16882.709104306337,20.154863899872044,0.028628099781884467,0.991706466927507,0.022328658920836755,0.26778146915558376,0.2410033222400254,False,False,0.26124073298898276,1.0888605377796596,0.00011082999607172668,2.2769900332799238,0.20987553827726974
268,6718,2707,0.40295,0.06848575824752656,0.015625822861157716,0.9479422664139125,4095.568617846534,213.20601999139527,0.026600956966621576,0.9214841799228363,0.07366799497012332,0.9263320050298767,0.833698804526889,False,False,0.2731476999600319,1.9986341380387496,0.0018874366810754937,0.49890358641933297,0.026198598102414233
269,5240,1253,0.23912,0.15841137694582472,0.021418183548779873,0.9817193120995605,2179.890746854131,39.84990240029626,0.028399810612518703,0.983798298124323,0.08007046581133226,0.8081757581143736,0.7273581823029364,False,False,0.1923784791438936,1.1601409316226645,0.0006775468562514355,0.8179254530911912,0.29570702066963367
270,15866,3679,0.23188,0.10953981473527752,0.016648522587718897,0.9769002438566549,3607.851060301218,83.34047969446733,0.02791444858995957,0.9669848644615867,0.015532827319990202,0.4724646307019096,0.42521816763171866,False,False,0.15310656546399803,1.0554631763719435,0.0020098141324674744,1.724345497104844,0.06964371196809785
271,767,395,0.51499,0.1567216822169825,0.03171241050368032,0.9590550504887004,994.3550662219652,40.7138179827633,0.02838992142170432,0.9834557265055978,0.033445218919710085,0.9665547810802899,0.8698993029722609,False,False,0.3008642804406224,2.8431114861286826,0.00021810087684047053,0.39030209108321723,0.6908856366642327
272,5294,2130,0.40234,0.10124311762654517,0.02124964921407771,0.9559473021769975,2214.6059869080036,97.55936833827046,0.027761081505543926,0.9616720728132547,0.21576475078774765,0.7760937048205289,0.698484334338476,False,False,0.19315295015754952,1.957537626354506,0.0011336156833959112,0.9045469969845723,0.15489338894639992
273,5467,860,0.15731,0.20295143072943742,0.015616881064140106,0.994078873070471,4100.259980661429,24.27815978956425,0.028579850255153205,0.9900350542927129,0.1265202375696635,0.5827721483364549,0.5244949335028094,False,False,0.1753040475139327,1.646201256099235,0.0003357891342742117,1.426515199491572,0.21794070610842178
274,550,283,0.51455,0.18249279546593303,0.041665558719265874,0.9478729710855552,576.0306337515927,30.026765501175216,0.028512987197869967,0.9877188500454338,0.08253305849859206,0.917466941501408,0.8257202473512671,False,False,0.30735798163040573,2.681643781525652,0.00017755945679310002,0.5228392579461986,0.08829435434644808
275,10200,5213,0.51108,0.04026048041834516,0.01108458480699205,0.9241979492627529,8138.814291995099,616.9388139028443,0.023460099446284258,0.8126816838316556,0.01107047433128927,0.6783093800785459,0.6104784420706914,False,False,0.2951618494856102,2.9778590513374215,0.0032115178248459737,1.1685646737879258,0.17055375599260728
276,7342,2564,0.34922,0.07063092517200517,0.023947075378130272,0.8850483597781004,1743.7934319298201,200.4519152085083,0.026721811684551712,0.9256707101586242,0.007866292762488649,0.007866292762488649,0.0070796634862397845,False,False,0.24257839743127366,2.450271424678377,0.001520477507121362,2.9787610095412806,0.02691833457158446
277,18357,6641,0.36177,0.05142222810837615,0.014283473208907457,0.9228446815761621,4901.53774053046,378.1797051370868,0.025172234731638914,0.8719917899049696,0.041695058114753776,0.041695058114753776,0.0375255523032784,False,False,0.2273658144598281,1.8450067049458343,0.004090129991740054,2.887423343090165,0.019190583716841035
278,39107,1950,0.04986,0.1810115331186677,0.004275745325410163,0.9994420295933194,54698.61637657295,30.520209224502363,0.028507269711382965,0.9875207905036922,0.0034851651290983255,0.25164204817964203,0.22647784336167787,False,False,0.19906866229066736,1.5058977198065764,0.00010161792680733239,2.3205664699149664,0.6604575064590297
279,3868,913,0.23604,0.13567990613568978,0.02244472102962868,0.9726348801384307,1985.0505757850626,54.32114693763541,0.028235509438436272,0.9781067384992431,0.016011468116300488,0.9839885318836994,0.8855896786953296,False,False,0.28890573745225623,1.2188312435822442,0.0006727857874569519,0.3432309639140113,0.9055465338461132
280,13903,994,0.0715,0.15982763848557388,0.007897982797512589,0.9975580959134305,16031.25909052053,39.146797085996916,0.028407866649984948,0.9840773674483072,0.1918294377474526,0.1918294377474526,0.17264649397270734,False,False,0.25394781967804625,1.9774776624528185,0.00030063787347382845,2.482060518081878,0.19097086115613132
281,62040,4503,0.07258,0.10672702930223016,0.003748535245327173,0.9987664000166879,71166.69585341628,87.79123481714967,0.027866169061077427,0.9653124125217996,0.050981376237689564,0.1359360676475055,0.12234246088275495,False,False,0.1601962752475379,2.5915521972912736,0.000791325458584036,2.632972617351735,0.7575127286521297
282,4881,889,0.18213,0.10401896518556564,0.020241583179569866,0.9621327386473165,2440.681138795884,92.42191056134888,0.02781620279824452,0.9635815304039809,0.05812629877825882,0.13861463744166114,0.12475317369749502,False,False,0.3383747402443482,2.565011096111726,0.000566066496091465,2.625740478907515,0.04409884012280637
283,1297,213,0.16423,0.24163994921955045,0.03753170117440862,0.9758754607220631,709.9103375704226,17.1262598225311,0.02866369564124358,0.9929395436664881,0.0018991659125773418,0.45580305873749727,0.4102227528637476,False,False,0.2825350039840695,2.752480423833326,0.00010087843400856408,1.7693317414087573,0.03346421188209712
284,20676,3455,0.1671,0.07438338245706978,0.009560572973208817,0.9834797735975359,10940.373745026034,180.73745119540402,0.0269119054050315,0.93225574980004,0.03053168711016596,0.12412795091330205,0.11171515582197185,False,False,0.27951571454445884,1.061063374220332,0.0024952879967020916,2.6648545325340844,0.063499238053582
285,13174,849,0.06445,0.1520766432386771,0.007903376002764102,0.9972991513230745,16009.38733068084,43.23893259045799,0.028361075702149362,0.9824564814685964,0.19192464929935707,0.25309267178979705,0.22778340461081736,False,False,0.31161507014012857,2.021943771160541,0.00027678237126776446,2.316649786167548,0.2137379682366899
286,25013,9303,0.37193,0.05075175772207429,0.016924627078746163,0.8887919975050819,3491.0959383696777,388.2378058242137,0.02509240191585202,0.8692263000438859,0.10580177049219765,0.4016705461223145,0.36150349151008304,False,False,0.17116035409843952,2.2180848906665327,0.004656397154219269,1.9154895254697508,0.19069232728497335
287,6274,3687,0.58766,0.06072407378212582,0.012167409982049992,0.9598510228761892,6754.663465039455,271.19282893690985,0.026071450876154968,0.9031415508907297,0.13349396768874278,0.8380066723527214,0.7542060051174494,False,False,0.2133114233223169,2.7330120646225144,0.0019318540672113795,0.7373819846476519,0.08614403749957038
288,11622,5291,0.45526,0.056846753698241145,0.013916997120984665,0.9400651066127583,5163.080842628929,309.44869985267474,0.02573894969969526,0.8916233722666369,0.26794537365342314,0.5767256150239263,0.5190530535215336,False,False,0.21135174619364686,2.2613947756333808,0.002911449440718273,1.442840839435399,0.072115107277175
289,6772,1905,0.28131,0.10529635968133141,0.02181287615843251,0.9570859845282564,2101.7164944827896,90.19309416145308,0.027840218760360375,0.964413467735527,0.04856619092189136,0.465462422980894,0.4189161806828046,False,False,0.22243088542028244,1.3771165231571114,0.0012540441305394425,1.743251457951586,0.012506401928406593
290,3133,1202,0.38366,0.14759223889746426,0.039566818204441224,0.9281320572007212,638.7600480606816,45.90637059648962,0.02833069944430762,0.9814042170300822,0.09559140087866695,0.5049150997383692,0.45442358976453234,False,False,0.16911828017573338,1.9986127466815564,0.0006237264430053122,1.636729230706403,0.024206170218121353
291,7606,2578,0.33894,0.10201105780463672,0.015014555581316822,0.9783364082953175,4435.83145351077,96.09604147964546,0.02777674858386885,0.9622147963265533,0.043436535973677366,0.8199909037350844,0.737991813361576,False,False,0.18685164873883162,1.8748861785121156,0.001176946941236754,0.786024559915272,0.8187040297750693
292,28614,13292,0.46453,0.02832823509162882,0.008285546566950172,0.9144532944671544,14566.582570860222,1246.1231498092604,0.02021905441734897,0.7004085906369666,0.04105182504245348,0.3203518951098493,0.2883167055988644,False,False,0.26631315966920505,2.582093114847506,0.008277445880134342,2.135049883203407,0.07954151222515031
293,438,203,0.46347,0.2748507906586624,0.06000183282134288,0.952342083512429,277.76080798735694,13.237501390581702,0.028709596386536633,0.994529592125545,0.024846518006949488,0.9751534819930504,0.8776381337937454,False,False,0.2397105074501919,2.05249146454602,0.00012524751107519363,0.3670855986187636,0.0559588569802394
294,45105,14597,0.32362,0.04088479871785363,0.009398444379816196,0.9471569077905672,11321.084938866934,598.2411353353667,0.023581750274148522,0.81689579212453,0.025027328701394628,0.1913456573669396,0.17221109163024564,False,False,0.19480772381465034,1.5089319304879132,0.008911387783014325,2.483366725109263,0.013213675574317152
295,611,222,0.36334,0.2574650598658181,0.05659903189639675,0.9516739381288841,312.1634086720961,15.085628201386148,0.02868775464781087,0.9937729721015717,0.03337455417919266,0.9666254458208072,0.8699629012387265,False,False,0.2550250873938825,1.7961224978358192,0.00015532085193274386,0.3901112962838202,0.031077511638871676
296,12246,2381,0.19443,0.10384459425802739,0.01347646226092457,0.9831583742899808,5506.152062872358,92.73255214534657,0.027812860502716,0.9634657498905946,0.2663267700626446,0.5229195911525216,0.47062763203726954,False,False,0.20395085380967834,1.695989965427854,0.0011552906671182144,1.5881171038881914,0.2933232308007713
297,35205,3342,0.09493,0.06072498555933348,0.00534272235575553,0.9922591193527526,35032.795041130776,271.18468515287486,0.02607152303567842,0.9031440505699471,0.06130623635405352,0.1179318061067337,0.10613862549606035,False,False,0.29933616329890167,2.877387527291893,0.0014519665803688453,2.681584123511819,0.40335185946780355
298,6327,497,0.07855,0.21732503564764277,0.01152573212588129,0.9971873381381117,7527.711328749889,21.172906561679557,0.02861616424701615,0.9912930078713582,0.024359336514739427,0.4258483285166756,0.38326349566500806,False,False,0.3172971403087723,1.0487186730294789,0.0001852534512129549,1.8502095130049758,0.15039588927232597
299,1620,794,0.49012,0.15425214709293114,0.029207245130356715,0.9641475568744534,1172.2461329818098,42.027887811872255,0.028374899129395177,0.9829353390350861,0.044034722934393374,0.9559652770656066,0.8603687493590461,False,False,0.19503593524973786,2.2175136678072866,0.00043749406443632495,0.4188937519228621,0.3876086190337027
300,26963,3616,0.13411,0.10332450818357161,0.007683013123035973,0.994470874387767,16940.914477514256,93.66844413227213,0.027802798209375763,0.9631171818244756,0.024573583233966058,0.024573583233966058,0.022116224910569453,False,False,0.17103522267509494,1.3006508110656771,0.0017214117115137825,2.9336513252682916,0.17897937915015275
301,8546,4549,0.5323,0.05583025318256049,0.011213366838163485,0.9596602812970945,7952.944283477851,320.81953525537716,0.02564254691418559,0.8882838818167587,0.012460513282816837,0.8539608919000413,0.7685648027100372,False,False,0.2103588192071783,2.952578514964806,0.002089277393573194,0.6943055918698882,0.944232562807143
302,4617,466,0.10093,0.21801803249792867,0.015204074570526752,0.9951366542059231,4325.93528305389,21.038519164288907,0.028617738950012368,0.9913475571832838,0.03833182038838505,0.03833182038838505,0.03449863834954655,False,False,0.2033408385795304,2.4472113241337787,0.00018295321022099198,2.8965040849513604,0.04359416148376105
303,12986,3526,0.27152,0.05871840374316605,0.01108697715267675,0.9643484986476552,8135.302287546436,290.0357405061959,0.025906077305943288,0.8974128423740159,0.06076000528266124,0.9389997725307556,0.8450997952776801,False,False,0.33784799894346773,1.5232484287727923,0.0030026190432264075,0.4647006141669595,0.06402224911653552
304,14263,3479,0.24392,0.10471835230162235,0.021078557510665594,0.9594831033328246,2250.7031868737367,91.19150845104555,0.02782945294930024,0.9640405291007103,7.495575207738804e-07,0.36378138792711584,0.3274032491344043,False,False,0.15000014991150415,1.4792830291344896,0.001684557599156411,2.0177902525967872,0.12191852799906058
305,30485,12358,0.40538,0.033691836099690925,0.008065183561024068,0.942696763217872,15373.455232209913,880.9487453307694,0.021921451563508842,0.7593813576731496,0.028499994449807674,0.2438331998312385,0.21944987984811468,False,False,0.2522347527763106,2.002499298591582,0.00814191444471953,2.341650360455656,0.011402497584168636
306,3110,602,0.19357,0.19729218711190552,0.023475758869753487,0.9858414263093377,1814.5156568933505,25.690953640985036,0.02856337421011985,0.9894643073506016,0.04545889699345962,0.7214596238100573,0.6493136614290517,False,False,0.2412165487196442,1.0909177939869192,0.00036236453312512917,1.0520590157128449,0.11057502678909086
307,10260,1706,0.16628,0.14772567232878517,0.016032762666410457,0.988221098852693,3890.3016064826347,45.82347805596839,0.02833164193922395,0.9814368660117014,0.05459359748863039,0.15044167280578596,0.13539750552520738,False,False,0.16091871949772607,1.5411105170427615,0.0008186522270937291,2.593807483424378,0.08056003616768849
308,3516,631,0.17947,0.20495893736132176,0.027746489207598514,0.9816733807596146,1298.924539383827,23.804895455280345,0.02858537585667943,0.9902264667444289,0.00473275341933222,0.15241842601894356,0.13717658341704922,False,False,0.20799685818444513,1.051507978517339,0.00041572766455828434,2.5884702497488523,0.010220343838908002
309,21634,12656,0.58501,0.04228432350734654,0.006824304567462845,0.9739529809031439,21472.52899475711,559.2953727842356,0.023841337724656853,0.8258881651902841,0.04541484668799862,0.6273759644567997,0.5646383680111198,False,False,0.15908296933759972,2.696116070438487,0.005691176728104961,1.3060848959666407,0.09965744725507672
310,6520,811,0.12439,0.18966977556371803,0.01594574762448729,0.9929320492972143,3932.8757639705645,27.797372019924413,0.028538861922742048,0.98861517680764,0.20401033064536447,0.29887504307294765,0.2689875387656529,False,False,0.19080206612907288,2.0461028603044755,0.00030771746455071397,2.1930373837030412,0.09829691082594394
311,501,157,0.31337,0.28622551528306817,0.05915674724715068,0.9572838718700266,285.7534139404198,12.206279443456296,0.028721805394454115,0.9949525245660068,0.04281235246588786,0.8734151155375031,0.7860736039837528,False,False,0.2854530325893815,1.7309086196828027,0.00012179366655008186,0.6417791880487415,0.01384387201052781
312,4452,844,0.18958,0.14261996129705548,0.016604461832254263,0.9864453290271341,3627.0236845241934,49.16311265451717,0.028293744303929336,0.9801240534153617,0.18643923601729706,0.6876669056307343,0.6189002150676609,False,False,0.2965106533985755,1.3728784720345941,0.0005218494874241812,1.1432993547970172,0.19337553832259663
313,17248,4145,0.24032,0.09409155111581019,0.017410923641314295,0.9657593212030355,3298.802980700459,112.95325327663338,0.02759785752051332,0.9560178281115173,0.08028532313620385,0.28585504965031827,0.25726954468528646,False,False,0.16605706462724076,1.2116780975171757,0.0023382335209725102,2.2281913659441406,0.05142848795676175
314,13990,5678,0.40586,0.040916899266748255,0.010844163085803757,0.9297596526061684,8503.699783172307,597.302826902873,0.023587905071112022,0.8171090005455511,0.1871468610313128,0.49885633626977105,0.448970702642794,False,False,0.312206029190793,2.318428466443253,0.0042238285165465995,1.653087892071618,0.059915014892675575
315,896,194,0.21652,0.4268014790355083,0.055724246862791614,0.9829534465910843,322.0413102764375,5.489694395504484,0.02880170839347939,0.9977204456457849,0.011859166582759872,0.7886294289363494,0.7097664860427145,False,False,0.18090362454247735,1.0237183331655197,0.00010812420562062193,0.8707005418718565,0.03173629399362956
316,6155,1433,0.23282,0.12082104624004557,0.019887767734466422,0.9729051410649828,2528.296022498022,68.50382407554892,0.028077220301419726,0.9726234419472654,0.06530970321737184,0.8713558993386606,0.7842203094047946,False,False,0.24759239862858107,1.1306194064347437,0.0010191005819229877,0.647339071785616,0.037311800292768656
317,39597,7719,0.19494,0.051413833253664075,0.007473101442338293,0.9788728076800272,17905.986177136027,378.3032136431281,0.025171249798609716,0.8719576708239972,0.011085315799025053,0.033930081970739615,0.030537073773665657,False,False,0.2579384707598585,1.02217063159805,0.00565589457837261,2.908388778679003,0.027206073118702233
318,959,293,0.30553,0.2818536499508583,0.04777001900688041,0.9712747708604229,438.2169500058818,12.587882301765553,0.028717285645561384,0.9947959558716135,0.0865954133509854,0.7169514458355233,0.645256301251971,False,False,0.2131265305795638,1.7035217251287995,0.00014900156388984305,1.064231096244087,0.035646387608414626
319,17755,7470,0.42073,0.0410602788073171,0.009333354276048514,0.948330802749303,11479.540319660471,593.1386331238657,0.0236152782048111,0.8180572337121347,0.06229935769771622,0.9377006423022837,0.8439305780720554,False,False,0.2704261654023022,2.082569002036098,0.0051793313702043365,0.4682082657838338,0.014373735494181071
320,21396,9495,0.44377,0.05072652715615311,0.011736389773232964,0.9464698097002189,7259.905228898502,388.62410846131286,0.025089350895058572,0.8691206095833018,0.11843265693406006,0.30038817989852723,0.27034936190867453,False,False,0.173686531386812,2.0315322606952195,0.0049990610270518685,2.1889519142739764,0.024530943905984332
321,2698,923,0.34211,0.11139042209957352,0.023713547196389916,0.9546792230570055,1778.3078853978047,80.59429501008218,0.027944363285756408,0.9680211399218486,0.1239222993081902,0.8760777006918098,0.7884699306226288,False,False,0.3100225291326633,1.8724433044132116,0.0007242548187944306,0.6345902081321135,0.05097885315952658
322,83005,3792,0.04568,0.0874038802096012,0.002797456313442295,0.9989756103075645,127783.08646276876,130.89967664004905,0.02741115530384694,0.9495502736084792,0.010744119151346439,0.07154182474619149,0.06438764227157234,False,False,0.2655378699636812,2.9643919676693335,0.0004915389722193044,2.806837073185283,0.9517256226912146
323,13348,740,0.05544,0.15701449886620975,0.0075084781162278276,0.9977132203234451,17737.65327562128,40.56210502046791,0.028391657323270803,0.9835158598997996,0.024856476785152796,0.23977294579501118,0.21579565121551006,False,False,0.3450287046429694,2.2177545514196555,0.0002129421619776938,2.35261304635347,0.21445886512766704
324,1385,297,0.21444,0.18688365846333804,0.03051768025885796,0.9733338460332507,1073.7346370047565,28.632373149800525,0.028529162507086273,0.9882791791932494,0.02906721925948569,0.6264845804639536,0.5638361224175582,False,False,0.34418655614810284,2.3747004764239295,0.00018896341514558712,1.3084916327473253,0.06340784575606208
325,31166,11317,0.36312,0.03644559360951722,0.008536289450169546,0.9451409592750329,13723.40039022155,752.8525808921928,0.022628995183095867,0.7838913876270679,0.05042609033607308,0.25458565288331547,0.22912708759498393,False,False,0.25318244334217277,1.8106912293648738,0.007686048509378163,2.312618737215048,0.012613981237498937
326,4543,429,0.09443,0.23303718649580382,0.015304000720000746,0.9956871982181895,4269.628070899801,18.414059551844716,0.028648543625326317,0.9924146624383723,0.04901294644406129,0.06069869770002164,0.054628827930019476,False,False,0.2682094342369468,1.0980258928881226,0.00023566584991622814,2.8361135162099416,0.03465017448334754
327,6112,978,0.16001,0.2157253420169166,0.009863894665744274,0.9979092865201585,10277.87066361925,21.48808274049592,0.028612472145842217,0.9911651097349594,0.06711127050853495,0.7273320321175273,0.6545988289057746,False,False,0.18142988462398912,2.0166310728393517,0.00014028995647952046,1.0362035132826761,0.7341375852492843
328,801,359,0.44819,0.15468570239954937,0.036593158001510924,0.944037200158177,746.7929652755502,41.792625238997054,0.028377586871088534,0.9830284451384964,0.0785486889082404,0.8274180054866332,0.7446762049379699,False,False,0.3342902622183519,2.5611691227682947,0.00025040264110098853,0.76597138518609,0.04953479000804868
329,4010,2185,0.54489,0.08217516904532314,0.018171751670146542,0.9510996042167762,3028.3524156400777,148.08763169588167,0.027235850266240324,0.9434775289693306,0.004033520196262202,0.16063570528983878,0.14457213476085493,False,False,0.19662665277032298,2.951676177873156,0.0010354887120655812,2.5662835957174353,0.010187486362812501
330,4828,854,0.17688,0.12585517126538046,0.02171322991201181,0.9702349420843533,2121.051131835162,63.13320978112148,0.028136846623638596,0.9746889583382965,0.26608196494528336,0.3928250109602967,0.35354250986426705,False,False,0.2967836070109433,1.960409029470369,0.0005413166599669356,1.9393724704071988,0.0748263219745437
331,6464,2148,0.3323,0.0643509235121219,0.019832868886870043,0.9050135812742152,2542.3124155762835,241.48515163769036,0.0263387350379349,0.9124005458559558,0.050718151324350626,0.050718151324350626,0.04564633619191557,False,False,0.33488912265749704,2.2791378720718383,0.0016949473671572135,2.8630609914242533,0.016889507616195818
332,38209,13281,0.34759,0.04371685791856501,0.010060601703852428,0.9470397494313011,9879.889526648307,523.2414249223584,0.024089452911051027,0.8344831273695666,0.04485311028821095,0.863835676666185,0.7774521089995665,False,False,0.18290970891910766,1.5561213751202643,0.007801527149847454,0.6676436730013005,0.012294368343068551
333,29852,1719,0.05758,0.11618525941589186,0.005109816571239812,0.998065768032103,38299.17149306694,74.07948184585929,0.028015716830510785,0.970492899218143,0.1801951384941367,0.1984548737799519,0.17860938640195675,False,False,0.26918384049439376,2.580086506692056,0.0003904557404513637,2.4641718407941298,0.436123735248931
334,6504,4088,0.62854,0.062620200598012,0.010596434830018625,0.9713654320982701,8905.954192781726,255.01815006290457,0.026215961742670723,0.9081475541517515,0.034603478084449,0.7143552554455577,0.642919729901002,False,False,0.18675091293724558,2.890004573615515,0.001944737140230677,1.0712408102969941,0.01172754089831519
335,5769,2302,0.39903,0.09905984978688266,0.02116486777896037,0.9543505247898387,2232.3838943047863,101.90715324262962,0.027714687970607062,0.9600649536201873,0.06345845525647552,0.9365415447435245,0.8428873902691721,False,False,0.18966002026629308,1.8319862837872705,0.0013495624497702528,0.4713378291924839,0.16354716491279828
336,33418,4022,0.12035,0.07781814663006408,0.006344621480460566,0.9933526328250151,24842.114864358355,165.13465890654095,0.027065263120435445,0.9375682168962864,0.013578063188653067,0.37642289940643336,0.3387806094657901,False,False,0.2593677327219015,1.0271561263773061,0.0022461404175194723,1.9836581716026298,0.4560378272915
337,66904,4977,0.07439,0.08767981211128738,0.0037204515273457773,0.9981995043342676,72245.15027412289,130.0770799387421,0.027419630316705957,0.9498438566658116,0.0027492662887309586,0.21978116949306942,0.1978030525437625,False,False,0.1887920733052772,2.2723152288988437,0.0011147984809848374,2.4065908423687126,0.9874189720968923
338,854,486,0.56909,0.14620306742445818,0.03178353472045448,0.9527402499945183,989.9097711764833,46.782888313784156,0.02832073911913501,0.9810591812449048,0.09001595872193935,0.8977716606280673,0.8079944945652606,False,False,0.2508058967182071,2.8199680825561213,0.00028574281045385416,0.5760165163042179,0.020908905048683857
339,57474,11504,0.20016,0.044849673243536406,0.007322779076727742,0.9733416480494395,18648.68168679047,497.1431198204334,0.024273967496629353,0.8408749001087502,0.07875890894592455,0.31376816234690386,0.28239134611221345,False,False,0.222465116012882,1.3726438761986628,0.006957964075281722,2.1528259616633596,0.4208777572922803
340,4627,969,0.20942,0.17110400114141652,0.025569622026262874,0.9776679657157994,1529.5066989630873,34.156996039158166,0.028465236423727804,0.9860647147071344,0.08985931408215564,0.3548248998098495,0.3193424098288646,False,False,0.20678243784474923,1.1797186281643113,0.0005586956354889002,2.0419727705134063,0.02758958418204084
341,18926,5093,0.2691,0.04769281309131458,0.010970200580151095,0.94709176695482,8309.422915661456,439.6368840927754,0.024695974061806708,0.8554936363490463,0.15012743493310804,0.46627710279049406,0.4196493925114447,False,False,0.31997451301337837,1.8564792188314414,0.003885996205878471,1.741051822465666,0.16682687839919638
342,26553,16889,0.63605,0.030474949515073593,0.005193547917146232,0.9709569450775798,37074.193662156234,1076.7478427344467,0.02095764758299131,0.7259942084172799,0.04862825269268594,0.846264982738141,0.7616384844643269,False,False,0.18743811806615093,2.893349863390189,0.007993619919979515,0.7150845466070193,0.15812803920628635
343,3989,592,0.14841,0.2201627988591001,0.020806750264092653,0.9910685775068976,2309.891022492577,20.63061263490554,0.028622520243949304,0.9915131860637777,0.11682889752920368,0.4469222292704567,0.40223000634341105,False,False,0.17336577950584073,2.550183187589494,0.00019907396391954382,1.7933099809697668,0.10456073154838066
344,17770,4161,0.23416,0.06084853485907502,0.009326706773863715,0.9765060308058052,11495.90996992105,270.0845546925617,0.026081276458544925,0.9034819190489969,0.08578816843350756,0.7723224731519053,0.6950902258367148,False,False,0.3028829501645329,1.3789245266447057,0.0029639872554087423,0.9147293224898558,0.6736334790709099
345,52507,13744,0.26176,0.03263992291403432,0.007673558038296942,0.9447292553695282,16982.68817983562,938.6458215266259,0.021623727820183375,0.7490679046719636,0.009803800367410994,0.3585895121112503,0.32273056090012525,False,False,0.2779555160087208,1.697603620275532,0.0095585584298145,2.031808317299624,0.307008088319126
346,13062,3180,0.24345,0.054454988744073646,0.016183477396690106,0.9116781116296281,3818.179212355889,337.22879817177136,0.02550531808154135,0.8835301356086949,0.12422105359766318,0.25637511701694576,0.23073760531525123,False,False,0.32515578928046734,2.4759449985486306,0.002186369700113473,2.3077871840542463,0.12476791153764069
347,7044,2363,0.33546,0.06288914756512759,0.019003984220298416,0.908685886742386,2768.9217181987783,252.84163137707029,0.026235591609745278,0.9088275526941305,0.06978616983828845,0.2997024048728179,0.26973216438553616,False,False,0.3360427660323423,2.2459628663057423,0.0018146915171838866,2.1908035068433915,0.03383756167188301
348,16434,9248,0.56274,0.033467876972688076,0.0077448134149038,0.9464492458901184,16671.630691476235,892.7783957699999,0.021859407103414247,0.7572320745289093,0.04005741566685112,0.4358563927152975,0.3922707534437678,False,False,0.25661539350835516,2.7637244604437123,0.005489533423641567,1.8231877396686966,0.012025823660848534
349,6258,544,0.08693,0.20033813288594948,0.011806576216331688,0.9965268726642921,7173.846007914622,24.91568067224745,0.028572411937969822,0.9897773834270243,0.11824543897563,0.4755057854100151,0.4279552068690136,False,False,0.30687444067088565,1.23649087795126,0.00022156908765775878,1.716134379392959,0.1775343713994574
350,2172,390,0.17956,0.21435718690666578,0.031165157173396865,0.9788620656379986,1029.5829856437203,21.76325757077039,0.028609249804895147,0.9910534845701667,0.04409075081237725,0.4537206923147647,0.40834862308328823,False,False,0.2608748137790829,1.110930993879402,0.00030083774217157835,1.7749541307501353,0.012251281014222994
351,59970,4322,0.07207,0.08936981286390502,0.0038548330278001695,0.9981395009802198,67295.9390036573,125.2040285514958,0.027469997903646654,0.9515886410585301,0.041446255335899754,0.18677022310850447,0.16809320079765402,False,False,0.19486032872974654,2.7338576031589445,0.0008700395024117723,2.495720397607038,0.8262424220188463
352,40928,5536,0.13526,0.0831466982622878,0.006492913838426751,0.9939019741189468,23720.32965835993,144.64718416379355,0.02727067116701671,0.9446837603555309,0.03297287607915356,0.07644343606152419,0.06879909245537179,False,False,0.17651679575516452,1.0659457521583071,0.0029011894065485862,2.7936027226338846,0.2479868174628988
353,21772,7797,0.35812,0.03460453433166575,0.012084584058152981,0.8780456221184948,6847.571664620327,835.091342357795,0.022167057439938163,0.767889394805411,0.08090079279298686,0.08090079279298686,0.07281071351368817,False,False,0.2822226585140584,2.812303192393614,0.004804467888480338,2.7815678594589355,0.10460401735097007
354,12647,4997,0.39511,0.055123382870752115,0.012380805946356183,0.9495540727402798,6523.822957994429,329.1002983942796,0.025573019716584714,0.8858753890417067,0.09969163238970702,0.9003083676102929,0.8102775308492637,False,False,0.24784867337941446,1.9032321875808411,0.0032882192530017244,0.569167407452209,0.1207743690405774
355,31670,6271,0.19801,0.07330408395629638,0.01053886444718235,0.9793304369792143,9003.520605923788,186.09883657308447,0.02685980778929133,0.9304510354517365,0.10841278698243928,0.15188737596867521,0.1366986383718077,False,False,0.17957626357511047,1.2168255739648786,0.0034958199121401905,2.589904084884577,0.13784892881847502
356,9148,1146,0.12527,0.19912308450625937,0.008683821139822462,0.9980981401186632,13261.060625695132,25.22067918798522,0.028568855400856467,0.9896541813674375,0.05068767771575766,0.655782356437405,0.5902041207936645,False,False,0.18052552719088807,2.8986246445684847,0.00014167162224570768,1.2293876376190065,0.7185267276998305
357,17772,775,0.04361,0.16728970385914896,0.006146900309919022,0.998649875199525,26465.960523481648,35.73234967114562,0.028447086411510128,0.9854359798407542,0.0687915067767757,0.08432071442840905,0.07588864298556815,False,False,0.3211829995684129,1.1375830135535514,0.00025729722656675643,2.7723340710432955,0.1949143447963732
358,4980,2144,0.43052,0.06941592823015262,0.020345704734960623,0.9140932668099803,2415.7641102786683,207.53040287173496,0.026654534834525297,0.9233401717102454,0.1936339149240263,0.45004598178376765,0.40504138360539094,False,False,0.28452120274108866,2.4420231257508602,0.001432606963245232,1.7848758491838272,0.024393146824458343
359,49234,7974,0.16196,0.04907046157509439,0.006423197751775074,0.9828658604576538,24238.03533156349,415.29787960332663,0.024881335569350013,0.8619147473256976,0.13994488652788922,0.3071865992470898,0.27646793932238084,False,False,0.26369445217636595,1.286365790153851,0.005249406769190637,2.1705961820328574,0.42052135778358857
360,3481,1300,0.37346,0.12859884602788735,0.028488105118785433,0.9509258277025813,1232.1763636515902,60.46803517064502,0.02816657764770448,0.9757188712231597,0.05947761488121339,0.9405223851187866,0.846470146606908,False,False,0.20017719121365832,1.719518268228743,0.0008083535693741472,0.46058956017927616,0.026494677870425393
361,628,296,0.47134,0.2398464313232607,0.04685216009459488,0.961841375156371,455.5549424458658,17.38335014445278,0.028660668842889626,0.9928346922958218,0.0879526804050772,0.8675121019785932,0.7807608917807339,False,False,0.20086032339718785,2.4859606383881405,0.00014993580676048225,0.6577173246577984,0.06609414498781946
362,4788,923,0.19277,0.12869307177577588,0.0206074713134707,0.9743587570540058,2354.7813747546193,60.37952131478549,0.028167566670685828,0.9757531319842307,0.1711447823814498,0.2883171474472647,0.25948543270253827,False,False,0.30716709020010335,1.3422895647628996,0.0006938960449755551,2.221543701892385,0.026466813101800275
363,8945,4640,0.51873,0.06292345283199496,0.011388288318305576,0.9672439281079627,7710.509784758708,252.56601283381352,0.026238080540539332,0.9089137717859671,0.016390510192174634,0.7863538702236165,0.7077184832012549,False,False,0.17844875167078303,2.9672189796156507,0.001961338988303081,0.8768445503962357,0.542270433108771
364,22790,4930,0.21632,0.05781699044748635,0.009172079041767086,0.9748333960727995,11886.785413272555,299.1500204634546,0.025827207544268354,0.8946807136859792,0.07594603306074665,0.8250635512142578,0.742557196092832,False,False,0.29420548333002683,1.1518920661214933,0.003872213775540671,0.7723284117215037,0.15516031020260815
365,76950,2996,0.03893,0.11337890113036239,0.002805465839344912,0.9993877264720623,127054.49378446287,77.7921031497504,0.02797498743160948,0.9690819914529669,0.010762801333094164,0.10511822307691546,0.09460640076922393,False,False,0.2833548836566192,1.5365351465150596,0.00014293774810322096,2.7161807976923282,0.951643744855052
366,29467,17435,0.59168,0.03335331244296253,0.005764021162371244,0.9701342662111495,30098.77820619766,898.9220972759542,0.02182739160092537,0.7561230249900976,0.042748175271277604,0.20490358438293158,0.1844132259446384,False,False,0.17209938667957445,2.689013794891677,0.008213034543715013,2.4467603221660847,0.012913665608248241
367,12047,6189,0.51374,0.0423576711227173,0.010062759121321263,0.9435622091770164,9875.653558944943,557.3600697999884,0.023854461818229186,0.8263427971276954,0.2075661034953189,0.7465663562763828,0.6719097206487445,False,False,0.2592083021096395,2.584867793009362,0.0037138290050484847,0.9842708380537661,0.13684607984946953
368,9448,4861,0.5145,0.05927324351439251,0.012312702185890211,0.9568491491090123,6596.191413288047,284.6312721232059,0.025953187114372396,0.899044774008697,0.04054852526707185,0.8810575247555281,0.7929517722799754,False,False,0.20032891843819145,2.282473350476648,0.002683561741725286,0.6211446831600741,0.01205305256365192
369,54441,3010,0.05529,0.11303513970975543,0.003624249371859733,0.9989719619391296,76131.40686480784,78.26598388463047,0.027969801485709593,0.9689023450172888,0.0613670432936577,0.0613670432936577,0.055230338964291935,False,False,0.22292234953423376,1.227217746636704,0.0007183424602462621,2.834308983107124,0.5704337189722977
370,58143,5374,0.09243,0.05311288676446698,0.004228105209129096,0.9936628825297065,55938.192496570424,354.48689692665886,0.025363341380922475,0.8786119184294371,0.06037602385708663,0.19669892856191715,0.17702903570572545,False,False,0.33792479522858265,1.7471786037478496,0.0030039772433711758,2.4689128928828237,0.7163267963468622
371,24308,8099,0.33318,0.04108012801532872,0.009184060240187978,0.9500188930009961,11855.791488099136,592.5655829245629,0.02361905258791922,0.8181879821783445,0.11585651028730574,0.584263304050995,0.5258369736458955,False,False,0.2743435213127313,1.7451240884300632,0.005865256094135074,1.4224890790623133,0.04174390574649442
372,33192,8556,0.25777,0.04528567067706743,0.00854788794398875,0.9643716235390225,13686.183527414101,487.61649902873853,0.024342384536462848,0.8432449358906517,0.1046344205015393,0.7160147277575492,0.6444132549817942,False,False,0.25995238504249185,1.3090773502940392,0.006176339482741212,1.0667602350546173,0.055413371697092796
373,24455,9849,0.40274,0.03576445944045253,0.00835217918244588,0.9454623682620773,14335.089022815038,781.8018060566247,0.022463110323392342,0.778144967522809,0.08491580361812663,0.6815014571887928,0.6133513114699136,False,False,0.2669541226440709,2.0282750572238397,0.006763451697321853,1.1599460655902591,0.04987726167873813
374,2852,1157,0.40568,0.13423031506205674,0.02557818392775097,0.9636890013927724,1528.4829129145357,55.500740922010955,0.028222242116937104,0.9776471450009049,0.09740299167948877,0.9025970083205113,0.8123373074884602,False,False,0.22160439315805314,1.900014310423091,0.0005903983309149385,0.5629880775346197,0.3987803228482032
375,15495,794,0.05124,0.15189178712917362,0.006843649078331737,0.9979699493191879,21351.31047293608,43.344242361813954,0.028359874602107652,0.9824148741426522,0.08434522071681884,0.13251711482293113,0.11926540334063802,False,False,0.3331309558566362,1.871404670566425,0.0002766823434563371,2.642203789978086,0.1912688558872864
376,8535,4322,0.50639,0.056682422455782096,0.014271794534900753,0.9366042178549161,4909.562923706244,311.2455815388622,0.0257236432518451,0.8910931413594393,0.09732575398357392,0.12484227818948229,0.11235805037053408,False,False,0.21237798242577766,2.7007646327192707,0.0022979097082984363,2.662925848888398,0.015654943623153374
377,25370,12781,0.50378,0.04180699473404297,0.007961667513168449,0.9637331217207815,15775.819399434598,572.1397219142282,0.02375478039543798,0.822889731350793,0.07591384003369228,0.673930323542169,0.6065372911879521,False,False,0.16518276800673845,2.6944283026193467,0.005627657900639802,1.1803881264361438,0.5413041005669373
378,9986,1710,0.17124,0.09123827697861772,0.012475810554136713,0.9813025064314402,6424.842079219807,120.12844345522448,0.027522755100973465,0.9534162039832297,0.02002031201859933,0.3733958550593558,0.3360562695534202,False,False,0.34175177976036236,1.0400406240371987,0.0015061637306986431,1.9918311913397393,0.01789565187067572
379,3093,272,0.08794,0.2968610939013758,0.01811737629156659,0.9962753622361139,3046.5575810891114,11.347323416377982,0.02873198678317211,0.9953052182170303,0.0390830999093627,0.4392395554268775,0.39531559988418974,False,False,0.2600119661170256,1.2383548835433293,0.00011971985986568913,1.8140532003474308,0.07334332879091116
380,13208,1609,0.12182,0.10973096961149688,0.010170085877362048,0.991410046619521,9668.314289756467,83.05036901682665,0.027917604281297935,0.9670941808162078,0.22407212714426183,0.4189363579974822,0.377042722197734,False,False,0.2437447653229708,2.5518557457114763,0.000570759480642073,1.868871833406798,0.317861486815085
381,13471,1351,0.10029,0.17175457130115132,0.009011501128755147,0.9972471808972536,12314.186226982196,33.89872708041301,0.02846821531581704,0.9861679065561109,0.018824181388033545,0.08061226423378003,0.07255103781040202,False,False,0.1537648362776067,2.331140829312644,0.00041374106315570253,2.782346886568794,0.1375732934667431
382,3960,483,0.12197,0.16545584252639722,0.014062905314216107,0.9927758643805484,5056.4986389672085,36.52883192747137,0.02843792316001237,0.9851185554976211,0.02694843373444722,0.6109156495976087,0.5498240846378478,False,False,0.3206797739703856,2.9461031325311056,0.00016959039674733226,1.3505277460864564,0.2423950525348486
383,1682,799,0.47503,0.11542826501519579,0.02886758858693904,0.9374544121556757,1199.9937540448368,75.05431475625181,0.028005005182979353,0.9701218368629988,0.2157395925167669,0.7302605402470053,0.6572344862223047,False,False,0.2765290856831517,2.5685208149664662,0.0004878655330795457,1.0282965413330858,0.031382715645043247
384,56372,12024,0.2133,0.051881425413151896,0.007911494103755582,0.9767462382591314,15976.549249394813,371.5148696866796,0.025225556308122152,0.8738389034971424,0.014976167774244264,0.16113825339595006,0.14502442805635507,False,False,0.18426166724922408,1.0299523355484885,0.007469436219442114,2.564926715830935,0.06885272057806403
385,22911,2671,0.11658,0.11906885106077655,0.007522773050846605,0.9960082843729684,17670.306385474374,70.53483813333433,0.028054769899005173,0.9718457371946179,0.10783981635320972,0.4445024347838985,0.4000521913055087,False,False,0.17282515606291757,2.1965955400971895,0.000743170749378934,1.799843426083474,0.608583771524321
386,22102,7980,0.36105,0.041863445156001704,0.010839023968375765,0.9329636404346829,8511.765430412628,570.5977679287766,0.02376512176368821,0.8232479668553766,0.03789435950693817,0.03789435950693817,0.03410492355624436,False,False,0.25694139523132314,1.8996714078941328,0.005484700316400908,2.897685229331267,0.015933850881140393
387,9874,3117,0.31568,0.06725841120010691,0.022172549600550588,0.8913228947098363,2034.0832792859308,221.0582827119186,0.026527361445872966,0.9189347562999146,0.013944737298776901,0.013944737298776901,0.012550263568899211,False,False,0.2486074660708465,2.047940468156144,0.00202584453670096,2.9623492092933024,0.028864283365074125
388,13836,1002,0.07242,0.17251170880928515,0.008031104427202954,0.9978327281413526,15504.203283001874,33.60182346599862,0.028471640978517593,0.9862865749930498,0.22532578675150572,0.2538705293259458,0.2284834763933512,False,False,0.24138777119544225,1.7089076266757113,0.00028226145344080624,2.3145495708199464,0.21743911365702698
389,9804,3682,0.37556,0.07114295886905768,0.01649229305537061,0.9462599286035044,3676.528301292187,197.57689340267885,0.026749282917704637,0.9266223415899729,0.31334907493640507,0.6569156187413043,0.5912240568671739,False,False,0.21284528112937315,1.8211364239490055,0.0022569899589062305,1.226327829398478,0.042334862140695
390,61413,12016,0.19566,0.03840096288758669,0.00616307520859738,0.9742420849533835,26327.22378407987,678.1343936435909,0.02307473207620914,0.7993321665406696,0.030701494933693382,0.2957522733006357,0.2661770459705721,False,False,0.27214624658936815,1.242461087984073,0.00868154478847827,2.2014688620882836,0.26020443347472794
391,4499,983,0.21849,0.12009635716237328,0.023200395763221096,0.9626809037402035,1857.8438677057152,69.33305413458214,0.02806804765807396,0.9723056922609739,0.09837743775932782,0.2189214906767088,0.19702934160903793,False,False,0.29635311626067173,1.4541337325391748,0.0007690151181287747,2.4089119751728862,0.015730947277592038
392,4079,824,0.20201,0.11210351626592781,0.02449109623757011,0.9522714786721316,1667.184063575665,79.57223013585347,0.027955521409717465,0.9684076686742026,0.08931471837317861,0.4464601167757008,0.40181410509813076,False,False,0.3148284118934995,2.8213705632536428,0.00043827957467316097,1.7945576847056077,0.09032985167607714
393,8060,3546,0.43995,0.06300670084712452,0.016423189948027002,0.9320574954134878,3707.5325127773153,251.8990447540158,0.026244106425380716,0.9091225145600837,0.10585455198858224,0.393683285382572,0.35431495684431485,False,False,0.24255378419852647,2.2229130026120876,0.002141373717858743,1.9370551294670555,0.016282050746370933
394,6829,3213,0.47049,0.050647593504641625,0.014468232504864053,0.918395646453297,4777.151796772328,389.8363841700767,0.025079783554930197,0.8687891871993891,0.16419975488671934,0.42190182543065097,0.3797116428875859,False,True,0.315101680235788,2.6716004902265613,0.002288418814836443,1.8608650713372423,0.022409740919639487
395,645,169,0.26202,0.32180434206933717,0.05957804362847539,0.9657241150126615,281.7263857305306,9.65642119519822,0.028752061084232443,0.9960006124042889,0.032248174001037515,0.9677518259989624,0.8709766433990662,False,False,0.2600502448340242,1.365179637839588,0.00011810472040389154,0.3870700698028013,0.09550597368545563
396,4424,2063,0.46632,0.07958690715262388,0.01772693355756096,0.9503883149228612,3182.2387964307995,157.8762290087779,0.027137504419407512,0.9400707289007743,0.0687565416788445,0.9312434583211555,0.83811911248904,False,False,0.26227490484998484,2.2087897157457075,0.0013635257047990444,0.48564266253288013,0.025301039953036206
397,2861,998,0.34883,0.10538222684889732,0.04277414678233965,0.835249034703979,546.5593009129126,90.04617241692074,0.027841804059065868,0.9644683840935887,0.17458413195640543,0.3083927001056397,0.2775534300950757,False,False,0.26932176447474826,2.650831736087189,0.0005796608244961451,2.167339709714773,0.024267352848930328
398,5506,2395,0.43498,0.09075936385927333,0.019889573715869257,0.9519749236524144,2527.8369027237263,121.3995602475512,0.02750951419541162,0.952957525559803,0.003966551658772346,0.9960334483412275,0.8964301035071048,False,False,0.19316548691280777,1.9673121829202063,0.0013958462386032353,0.3107096894786853,0.024934703437038467
399,1532,611,0.39883,0.12267922715901126,0.027576462758189004,0.9494716573033087,1314.9913115845045,66.44433163491337,0.02810004062282159,0.9734139610695269,0.00955848411055605,0.9904415158894438,0.8913973643004995,False,False,0.34602684866849004,2.131005967737666,0.0004999649438722565,0.3258079070985013,0.017023936970414773
400,736,206,0.27989,0.2955205836865048,0.051226134469653364,0.9699525446397825,381.08059058800524,11.450502034338395,0.02873076321282934,0.9952628324970241,0.06370560853874123,0.8535994682308266,0.768239521407744,False,False,0.2722254377670019,1.4142283668596645,0.00013409457775242996,0.695281435776768,0.03531319338964648
401,17481,5073,0.2902,0.04882367436932819,0.01487277887019415,0.9072052682018145,4520.80482995956,419.50687170803917,0.024848982055161152,0.8607939887181275,0.23294471481278983,0.3740694684896177,0.33666252164065597,False,False,0.2903233852298056,2.1088899049107948,0.0034206652077629915,1.9900124350780322,0.14445063502364885
402,35802,1893,0.05287,0.16454834912194335,0.004475610496064632,0.9992601945805739,49922.39734944289,36.93286010986038,0.02843327834008255,0.9849576542154121,0.10507349064640759,0.10507349064640759,0.09456614158176684,False,False,0.1893961965641043,1.2719548658370388,0.0002905663884111083,2.7163015752546995,0.41668787254804285
403,31572,6094,0.19302,0.06288854502069212,0.009594407703545155,0.9767248094802002,10863.34722850903,252.8464764262864,0.026235547863609463,0.9088260372835333,0.20463420499297372,0.3846939905469758,0.3462245914922782,False,False,0.21381481864037855,1.542683053442767,0.0033357429670501752,1.9613262255231654,0.3897010626238953
404,50433,8198,0.16255,0.04907243816553099,0.00633902860501591,0.9833133118310956,24885.970210409756,415.26442468175173,0.024881593235775195,0.8619236731524941,0.09175755257636035,0.09175755257636035,0.08258179731872432,False,False,0.23254629928257814,1.8071644736324584,0.004486902794689322,2.752254608043827,0.38792638685684455
405,7908,833,0.10534,0.1826338346397847,0.010974262792923123,0.9963893263560318,8303.27245302815,29.980407004835637,0.028513524526249494,0.9877374636465076,0.04955661792130506,0.5330549751906914,0.4797494776716224,False,False,0.24566134484526883,1.0991132358426101,0.0003366573511777702,1.5607515669851328,0.26157486392837526
406,2008,309,0.15388,0.22661869639699836,0.030990972684166205,0.9812983923914057,1041.189034308854,19.47190876601541,0.028636115124796996,0.9919841265507986,0.1509373734804784,0.31762531054132354,0.28586277948719124,False,False,0.28128773369450477,1.629893962670579,0.00020038940094013798,2.1424116615384263,0.024596506406877116
407,6833,431,0.06308,0.25408973117234146,0.01085468580370583,0.9981750108511425,8487.220510929286,15.489085336407065,0.028682993091305866,0.9936080269457761,0.04202812009429159,0.04202812009429159,0.03782530808486243,False,False,0.24441953741140882,1.38835697591921,0.0001597966230875687,2.8865240757454127,0.06482518051806112
408,2565,231,0.09006,0.32158290547277835,0.021594087167002934,0.9954909630851035,2144.52098213163,9.669724273201526,0.02875190298654872,0.9959951357398736,0.014307238622270126,0.35080632278446694,0.31572569050602023,False,False,0.24497279636053898,1.4152353681629104,0.00010681063014172186,2.0528229284819393,0.04415630872549006
409,43878,1960,0.04467,0.12256042139570861,0.003955403739358813,0.9989584475411352,63917.29106081867,66.5732116683751,0.028098610928006362,0.9733644349883411,0.06887149612032785,0.24380447512823186,0.2194240276154087,False,False,0.2907100180659169,2.0153807190423274,0.0002015311847003353,2.341727917153774,0.7282106191581152
410,33431,6262,0.18731,0.049505915172386075,0.007160426661089808,0.9790799067903039,19503.933077473535,408.0240979364217,0.02493754654287752,0.8638619525675486,0.02817228928671578,0.2102760600743072,0.1892484540668765,False,False,0.3197479391786998,1.0563445785734316,0.005231053619864949,2.4322546377993706,0.019973619068116042
411,728,227,0.31181,0.23567338884424396,0.08091920225735,0.882108609063001,152.72031626323795,18.004410508611507,0.028653360874663452,0.9925815368504651,0.03277661676524252,0.4894844117564269,0.44053597058078425,False,False,0.23366849883134422,2.845522213348299,0.00011629290879907827,1.6783920882576473,0.014131272666391923
412,16023,8676,0.54147,0.05235333764888918,0.008943235918153,0.9708189693761458,12502.896188417471,364.8473965610807,0.025279239479978823,0.8756985431204865,0.05278506662296679,0.8226656914135372,0.7403991222721835,False,False,0.16055701332459335,2.386994718164472,0.004197861458273031,0.7788026331834493,0.16315092155142388
413,12028,2070,0.1721,0.09508857555536508,0.01335877260143972,0.980263214051862,5603.596890930729,110.59699237595136,0.02762265482725718,0.956876832014942,0.12853784762319878,0.12853784762319878,0.11568406286087891,False,False,0.24468991439265358,1.8223225383869148,0.0011410523399381855,2.6529478114173632,0.09775118099508615
414,41700,3780,0.09065,0.06595100233370514,0.004974035879451877,0.9943117977930139,40418.684330047676,229.90964940965048,0.02644512971174111,0.9160861654696971,0.04611877706184154,0.1927054292005254,0.17343488628047288,False,False,0.34077624458763167,1.2839205530395128,0.0023792045728288787,2.4796953411585814,0.4504600236781648
415,35701,7419,0.20781,0.0549594972391454,0.009922001707153318,0.9674078438466492,10157.840873440227,331.06593592805274,0.025556598663013547,0.8853065470597252,0.12103073137416023,0.12103073137416023,0.10892765823674422,False,False,0.20878729174689473,1.793564268965416,0.003988266544679686,2.6732170252897673,0.2353065524635428
416,54509,14116,0.25897,0.03744605663422435,0.006851182778085728,0.9665251277536046,21304.379620759908,713.1613860936486,0.022862525169551257,0.7919811036597,0.004662140157008112,0.8777781897996301,0.7900003708196671,False,True,0.24584966296877309,1.2838979785808715,0.009787588898535534,0.6299988875409985,0.7678348523532226
417,12986,2578,0.19852,0.08485363032549653,0.012669300053506362,0.9777072118716367,6230.096250257261,138.88621572629594,0.027329278402646297,0.946713974551563,0.040862316006665234,0.47002544344964997,0.423022899104685,False,False,0.26954305122230804,1.0817246320133305,0.0019092264635356747,1.730931302685945,0.04314368278912442
418,10003,4286,0.42847,0.06645772827950089,0.015447165728420493,0.9459735255036715,4190.8526177210215,226.41699206917616,0.026477486065682024,0.9172070224491641,0.2526060356676992,0.6387096292455683,0.5748386663210115,False,False,0.20052120713353982,2.115722890267414,0.002382117145251208,1.2754840010369655,0.07466394520920827
419,4135,1578,0.38162,0.12184916576175546,0.026997881915627568,0.9509075997150018,1371.957357479689,67.35267976734123,0.028089968763967507,0.9730650616442883,0.17588884663364462,0.7653703066136727,0.6888332759523054,False,False,0.1851777693267289,1.7873784391034113,0.0008962986658381528,0.9335001721430838,0.02840770977167027
420,1288,256,0.19876,0.2742547575262989,0.03385106794520752,0.9847652122201626,872.6804581888473,13.295101580118393,0.028708914896180965,0.9945059846071272,0.047991933169037604,0.8407504292893518,0.7566753863604166,False,False,0.26977492661954905,1.0959838663380752,0.0001689760547444375,0.7299738409187501,0.12163719579600106
421,3797,2024,0.53305,0.07306794437959713,0.016255355232195175,0.9505075275123747,3784.487461002588,187.30364154343366,0.026848142045052783,0.9300469222171511,0.07938630710939532,0.9206136928906047,0.8285523236015443,False,False,0.2565627711897592,2.56817145809612,0.001299753242615522,0.5143430291953673,0.0625269987767363
422,10850,5359,0.49392,0.07114716196028258,0.012903286307695196,0.9671083616932864,6006.193675629033,197.55354997886087,0.026749506314239453,0.9266300802729437,0.0421481247124754,0.8578190434123437,0.7720371390711094,False,False,0.15842962494249507,2.132799159987508,0.002679215765771541,0.683888582786672,0.0856538817550885
423,15834,4698,0.2967,0.04473250917765065,0.012673858972366791,0.9197266807686253,6225.61499557049,499.75077995106335,0.02425534048560546,0.8402296415190196,0.043027867281965344,0.18846402379992025,0.16961762141992823,False,False,0.3413944265436069,2.100525500711975,0.0038357716927594505,2.4911471357402153,0.05739201918672658
424,1097,353,0.32179,0.17539867373240195,0.030825880647092452,0.9691128117642446,1052.3713467121372,32.50479187981322,0.028484309222277567,0.9867254158297487,0.05684107281040963,0.8222687186320056,0.740041846768805,False,False,0.33863178543791805,2.0367959981429697,0.0002482919609029296,0.7798744596935847,0.11171622176982954
425,13771,4399,0.31944,0.06096775630484567,0.014903170087478795,0.9402473885453491,4502.385571194932,269.0292956546374,0.026090642358172284,0.9038063633292605,0.06217816913478472,0.10209883696607432,0.09188895326946689,False,False,0.25339099780012675,1.6653689398125766,0.0029385219261441465,2.7243331401915993,0.013315465027131986
426,10028,3905,0.38941,0.06884523534947615,0.015625941908962188,0.9484837036252084,4095.5062130843035,210.9853118780514,0.026621881966845607,0.9222090431935644,0.1195748144846241,0.7714845419023895,0.6943360877121506,False,False,0.2165177344514101,1.822342813260773,0.0024019258961607464,0.9169917368635485,0.017344014541154272
427,11666,1152,0.09875,0.12560716793595164,0.008549176136297198,0.9953674546205394,13682.05936204627,63.38276087915257,0.028134067605292704,0.9745926903188914,0.00602609184633196,0.5647383747478388,0.508264537273055,False,False,0.3396799392286701,1.012052183692664,0.0006286380658290904,1.475206388180835,0.40697394664200176
428,4861,2264,0.46575,0.06041653320935212,0.014199638328217927,0.9447613618100739,4959.586102131626,273.9607822674349,0.0260469595628558,0.9022931469111648,0.05416114175146259,0.9040954552893471,0.8136859097604124,False,False,0.33916777164970746,2.5145799225527994,0.0017236006577480546,0.5589422707187626,0.12697271263017293
429,4747,555,0.11692,0.16875155327770328,0.016494134968045148,0.9904464775175639,3675.7072256818474,35.115951619404456,0.028454183940062102,0.9856818454419579,0.05600251845589872,0.05600251845589872,0.05040226661030885,False,False,0.2788135020142528,1.7709337925604018,0.00033539743144691224,2.8487932001690734,0.039463694389129805
430,9256,579,0.06255,0.2540871180438127,0.009377646930561872,0.998637857760939,11371.355710993199,15.489403929330779,0.02868298933224421,0.9936078967280606,0.018026989919173446,0.29598004314487675,0.2663820388303891,False,False,0.22567257967959733,1.4641949646846022,0.00010865606672953195,2.2008538835088327,0.16711555073725154
431,32570,11989,0.3681,0.04168290305907616,0.009832556984889627,0.9443561684213283,10343.48897525981,575.5513584752044,0.023731947587967823,0.822098779698438,0.06847759410484947,0.3107396497400355,0.27966568476603193,False,False,0.20437713523125575,1.7191574474483045,0.007295327817232171,2.161002945701904,0.014767615390576099
432,23647,3046,0.12881,0.1183082238454951,0.00808607663171139,0.9953286131172435,15294.11299007668,71.44471880523966,0.028044729721478198,0.9714979352427432,0.01262080042653241,0.18689395508158005,0.16820455957342206,False,False,0.15252416008530648,1.915371794710003,0.0010936188022107355,2.495386321279734,0.27518541089919524
433,21530,12438,0.57771,0.024408529444302773,0.006008259980108494,0.9394081513399105,27701.454124578533,1678.482315980874,0.0186388115406454,0.645667371621979,0.0036591907543277458,0.6374090796959291,0.5736681717263362,False,False,0.313893635440053,2.9926816184913445,0.008378059054943342,1.2789954848209912,0.03453929887159006
434,1700,357,0.21,0.195600556233274,0.026705802973645918,0.9813589182832433,1402.1314115710816,26.13724622072797,0.028558175451909508,0.9892842170834701,0.10480280110806356,0.6418474625989333,0.5776627163390401,False,False,0.2874031775632385,2.602022505718617,0.00016203379442830638,1.2670118509828798,0.09747231796052053
435,21399,9616,0.44937,0.03631651178893484,0.0102380022627457,0.9205265279597199,9540.465328877477,758.2139045658059,0.022597996393451444,0.7828175580543223,0.11502153879020456,0.1985460599021217,0.17869145391190955,False,False,0.24590716949939886,2.372406927480009,0.005887852509710337,2.4639256382642714,0.03486977493875422
436,1571,274,0.17441,0.2536216197338795,0.038580491295520956,0.9768600208157968,671.8378886202032,15.54631475783052,0.028682317867992312,0.9935846365240656,0.035762358422049105,0.24590445589577964,0.22131401030620168,False,False,0.263664221196775,1.4379928546697427,0.00018448558915152443,2.336057969081395,0.01179029623019027
437,51399,9605,0.18687,0.03605660136449003,0.006869970223839048,0.9636971992034608,21188.01591877019,769.1843211730168,0.02253496123820448,0.7806339562233076,0.09402215012069313,0.3322250143624271,0.2990025129261844,False,False,0.3118099613785623,1.963857553477963,0.006485682729183342,2.102992461221447,0.6243530445090534
438,479,249,0.51983,0.367457089813722,0.06205047439952602,0.9714847653306331,259.7226273932849,7.406051669064057,0.02877884272977607,0.9969283558201261,0.00514829957299189,0.994851700427008,0.8953665303843072,False,False,0.1537508727303028,2.1043119862935113,0.00010659875048182,0.3139004088470781,0.14043613500239704
439,2818,328,0.11639,0.25394196475449493,0.01707430430643911,0.9954791813710332,3430.1567386361853,15.507116484302486,0.02868278034503662,0.993600657198827,0.0823193778820969,0.6368009518731047,0.5731208566857943,False,False,0.28623686153092764,1.265677087749331,0.00014609614476160582,1.280637429942617,0.15081931512936586
440,13851,1523,0.10996,0.18082633989132496,0.00888041737450769,0.9975881884421731,12680.408491593967,30.582755757992466,0.028506545236109612,0.9874956939440468,0.0542020113179928,0.503253214438782,0.4529278929949039,False,False,0.16084040226359855,1.820580313747082,0.00036989888736121534,1.6412163210152884,0.46101339969097693
441,20005,7970,0.3984,0.047104850560827374,0.013830094419981157,0.9137976650742609,5228.170109035013,450.68047078777437,0.02461322339190862,0.8526270690565694,0.17543837845911603,0.47042763458945686,0.4233848711305112,False,False,0.20736781594416484,2.203807808641156,0.0044578273364103685,1.7298453866084664,0.1349261283661897
442,30448,6723,0.2208,0.0474886884730945,0.00796663477494177,0.9718570600329951,15756.152828293625,443.4244631576219,0.024667499400341464,0.8545072451413238,0.1066763595497463,0.6089121639774919,0.5480209475797427,False,False,0.2983181712975611,1.2133527190994926,0.005365102260530499,1.3559371572607717,0.06663338790443005
443,4596,979,0.21301,0.10415984256709451,0.022773251147518297,0.9521976286138032,1928.190455137475,92.17207623980144,0.027818891722732723,0.9636746774806064,0.03478872024133957,0.03478872024133957,0.031309848217205616,False,False,0.33798922059746617,1.8053224562164312,0.0008219460192342412,2.906070455348383,0.018160506689958476
444,3526,1388,0.39365,0.0915210019650983,0.03403896383216877,0.8616716710274326,863.0726157222606,119.38739271484313,0.027530483269014614,0.9536839155771637,0.12761760569463598,0.2686471036136914,0.2417823932523223,False,False,0.2629257973081906,2.5846440976981446,0.0008028993161504803,2.274652820243033,0.017998454371264083
445,21032,5958,0.28328,0.053452830140612174,0.011105387484479645,0.9568355686692275,8108.351500191809,349.9923815357957,0.025400087822585744,0.8798848525086,0.12417197593590765,0.32712453138244,0.2944120782441961,False,False,0.2581474288913744,1.45691750831994,0.004223400508799069,2.116763765267412,0.01771511401750613
446,469,121,0.258,0.2912731669488605,0.05397507441802152,0.9656611660280363,343.2523351434298,11.786884946979072,0.028726775214310038,0.9951246841759053,0.02531722584896235,0.9208757743792673,0.8287881969413405,False,False,0.3280910666384867,1.6586141286636038,0.00011236587853949133,0.513635409175978,0.05090808725472102
447,3997,1135,0.28396,0.08419488431912156,0.02770019967005389,0.8917583534547245,1303.2694073238126,141.06802654081477,0.02730703807405661,0.9459435469696758,0.004826298350626146,0.405167922543841,0.3646511302894569,False,False,0.34903474032987475,2.4846650201121205,0.0008972422309157468,1.9060466091316293,0.04555943299496651
448,11081,3021,0.27263,0.09564453324650889,0.0273898340354495,0.9179915700860023,1332.9725270143847,109.31498405894358,0.02763617480122,0.9573451776513543,0.06388636008406987,0.3200382308727013,0.28803440778543116,False,False,0.16277727201681397,2.2594677605012743,0.0013646473686216884,2.1358967766437065,0.11564118432559846
449,2954,661,0.22376,0.16856098712257472,0.035535157112771075,0.9555571042806289,791.9240278016754,35.1953969852542,0.02845326886645984,0.9856501463625224,0.27841737632512586,0.4268818997884054,0.3841937098095649,False,False,0.23252911148263894,1.754648906497204,0.00039374510544027124,1.8474188705713053,0.03604414703584169
450,39326,5592,0.1422,0.04457499308477684,0.006460949497496837,0.9789907705704478,23955.614036467632,503.2889914179493,0.024230134798555618,0.8393564909068195,0.07723377740165262,0.3426773904721227,0.30840965142491045,False,False,0.3212504667382752,2.6689111458073587,0.0029379786751989657,2.0747710457252686,0.7007005287234167
451,21916,11733,0.53536,0.04502890276138532,0.008278538631128552,0.9661993828022418,14591.254771440337,493.1934169644173,0.024302262879531338,0.8418550809248673,0.04665733995342911,0.10122005268155126,0.09109804741339615,False,False,0.15933146799068582,2.452468597852957,0.005579107737891548,2.7267058577598116,0.014905919981535188
452,2759,1474,0.53425,0.09629916329626635,0.020373653434801804,0.9552397193209204,2409.1407370295833,107.83381558484874,0.027651819849992505,0.9578871380385717,0.06150162363746325,0.9384983763625367,0.8446485387262831,False,False,0.23517018321332517,2.468657406678483,0.0008503630411984982,0.4660543838211508,0.16908649664028616
453,3491,342,0.09797,0.3418281155637286,0.018442674420943782,0.997089066814006,2940.032972461006,8.558239547453333,0.02876512119802102,0.9964530280169779,0.030629114466257316,0.1742479743592563,0.15682317692333067,False,False,0.1754843992194004,1.7239940569258072,0.00011514848515236868,2.529530469230008,0.04078264076602093
454,10589,1554,0.14676,0.13263728452067727,0.013048122114552502,0.9903224643233038,5873.594695726336,56.84192221834493,0.02820718006109367,0.9771253800811596,0.05772840440642857,0.15906726237633914,0.14316053613870525,False,False,0.21931484869741238,1.1154568088128571,0.0008940582034600691,2.5705183915838843,0.07002252517261488
455,2113,550,0.26029,0.1671446492326297,0.03150181655310354,0.9644789136136508,1007.6943041281563,35.794396427968294,0.028446372266983568,0.9854112411486752,0.02492774710829903,0.975072252891701,0.877565027602531,False,False,0.27911223074627883,1.4058936449051063,0.0004154906164915415,0.3673049171924074,0.24253511316676465
456,19060,9584,0.50283,0.0323793436314384,0.008365906832639852,0.9332440522915814,14288.082610437737,953.8144955959473,0.021547448542163932,0.7464255129700766,0.1095275600604827,0.483970788023394,0.4355737092210546,False,False,0.2750463192900301,2.6417067619589383,0.00603871981823995,1.6932788723368362,0.048662274074684674
457,18027,9138,0.50691,0.03567521800515637,0.009655176470279478,0.9267534522423191,10727.031802698264,785.7180472345004,0.02244094847248201,0.7773772584874798,0.03164448373230844,0.5476400610307375,0.4928760549276638,False,False,0.23438439637878186,2.936711032535383,0.004803053238931806,1.5213718352170087,0.18250195224507507
458,1139,257,0.22564,0.2087336123601777,0.04190083102918904,0.9597041338915041,569.5799943698739,22.951719191206283,0.028595345224940328,0.9905718157913738,0.050491721591707395,0.5628091793144068,0.5065282613829661,False,False,0.2968313407970622,2.86425943020077,0.0001261779430252042,1.4804152158511015,0.04085139041608933
459,7408,1058,0.14282,0.1545401261994375,0.010242594950084696,0.9956072400403373,9531.911529551484,41.871399306061065,0.028376686836921235,0.9829972670403702,0.13334731889222085,0.6551759804539865,0.5896583824085878,False,False,0.23587015437110437,2.5480970020002296,0.0002571400308418567,1.2310248527742365,0.5411346731699074
460,27781,18235,0.65638,0.03113569922430627,0.004864920656887503,0.9755862621554962,42252.11728919462,1031.532114873626,0.021168906725775302,0.7333124397945864,0.04357429554440771,0.8510832045375726,0.7659748840838154,False,False,0.17313600890274347,2.9090254617123286,0.00818184803524583,0.7020753477485537,0.018660981014220836
461,20027,1008,0.05033,0.1925312103445227,0.005980222803047847,0.999035210768935,27961.809378383976,26.977252569357795,0.028548398108501967,0.9889455199725719,0.09307814457053612,0.16125931819177705,0.14513338637259934,False,False,0.23327029132951355,1.4516349039829683,0.0001535169343332298,2.564599840882202,0.26465511357690125
462,11758,681,0.05792,0.1559701286766344,0.008223083854656183,0.9972203726447034,14788.719171013672,41.10712835754852,0.028385422641881913,0.9832998842011084,0.026940557175877622,0.23795795484678145,0.21416215936210334,False,False,0.3116477046598416,2.9461188856482448,0.0001816726832776028,2.35751352191369,0.18994525191763614
463,16899,5273,0.31203,0.04416564545688467,0.010525895068160932,0.9431999250323916,9025.721475125198,512.6616564238644,0.024163743256669416,0.8370566204320248,0.06813815724675265,0.5486185783726986,0.49375672053542874,False,False,0.33637236855064945,2.0457622785015683,0.004062343366431373,1.5187298383937138,0.17960412227967054
464,1662,806,0.48496,0.0968674637676692,0.02680732752921355,0.9234136833292242,1391.5312341942442,106.57225175927582,0.027665166268049032,0.9583494715220309,0.011665704049761695,0.6044567972865913,0.5440111175579322,False,False,0.34766685919004764,2.7922558870808185,0.0005773309608456625,1.3679666473262033,0.012512863098644949
465,19361,1045,0.05397,0.25079222586571454,0.0060771491871118855,0.9994128194574676,27076.978752752675,15.899075074178848,0.02867815686577444,0.9934404951790303,0.013212332454831062,0.11577008884563962,0.10419307996107567,False,False,0.17138602747672602,1.373437769946335,0.00010627342196097872,2.687420760116773,0.23166758743859606
466,55462,3915,0.07059,0.07406021186269676,0.003932814576832437,0.9971800783514588,64653.651538028345,182.31823162932312,0.02689651315240251,0.9317225465281131,0.019743740187664345,0.3087642360490535,0.2778878124441482,False,False,0.32253402417888305,1.070062073503764,0.0017290364600189858,2.1663365626675555,0.9130877569521328
467,34216,12960,0.37877,0.03079256998615717,0.006964204682214615,0.9488493473651511,20618.494269174065,1054.6494382161445,0.021060102820141903,0.7295433619422068,0.013367300022086047,0.9340865243039151,0.8406778718735236,False,False,0.2861125911323077,1.9211064960737771,0.009402977566069505,0.4779663843794291,0.04829940667591318
468,6784,1509,0.22244,0.14026671136784108,0.02390159556355697,0.9709634805396914,1750.435905195233,50.8265662252243,0.02827492435337546,0.9794721112042567,0.19220368778006594,0.410097375739193,0.36908763816527373,False,False,0.18844073755601318,1.3964817344123412,0.0008191296476006101,1.8927370855041787,0.06361862165501818
469,14140,7848,0.55502,0.03854214344333966,0.008526903687374434,0.9510547007198008,13753.628354472325,673.1754559982816,0.023105255251692346,0.8003895203555746,0.11203803234642473,0.813462701438177,0.7321164312943593,False,False,0.23624450628531748,2.7759239353071505,0.004307504196113117,0.803650706116922,0.35174462145746904
470,18844,5859,0.31092,0.0466770196412196,0.009285634572667144,0.9604253629693081,11597.832258004506,458.9800019533777,0.024551578783231477,0.850491637171739,0.18104282728671073,0.7822629219286927,0.7040366297358235,False,False,0.30973219553229625,1.7007313390821424,0.004344245354982974,0.8878901107925297,0.3618557796867753
471,4263,578,0.13559,0.20420648265571892,0.01858469788627569,0.9917172994301633,2895.2694568150896,23.980649979793164,0.02858332345923861,0.9901553696115325,0.14492458336010897,0.440875704482081,0.396788134033873,False,False,0.21921075640572607,2.3770823557245233,0.00019491675237127742,1.8096355978983811,0.10730880441639257
472,19411,1740,0.08964,0.14293100041325002,0.007229847241542476,0.9974413824435883,19131.17998377727,48.9493729813653,0.028296165233503145,0.9802079168758293,0.1837250531866174,0.38213505389073266,0.3439215485016594,False,False,0.209299630913236,1.677426466616199,0.0004789011123623923,1.9682353544950217,0.4290914822910183
473,806,215,0.26675,0.32719937568014845,0.060207706064021795,0.9661406022753101,275.8645141150552,9.340606301549995,0.02875581508716588,0.9961306548805384,0.02309391562847052,0.6336005567523939,0.5702405010771545,False,False,0.18865243321807904,1.9781105346281826,0.00011122126524131558,1.2892784967685365,0.023471342241920705
474,35211,8101,0.23007,0.042543718626621436,0.008061324276945628,0.9640960783325278,15388.178553326803,552.4959573837219,0.02388754331639518,0.8274887738399754,0.09924668037631579,0.25186303346465777,0.226676730118192,False,False,0.29513129880495464,1.3930085499564633,0.0063315004087503915,2.319969809645424,0.08014620457722944
475,15396,2702,0.1755,0.10411948962236883,0.011000825390501547,0.9888368571648133,8263.222693297586,92.2435352042372,0.02781812254237976,0.9636480322915761,0.00107115865536989,0.00107115865536989,0.000964042789832901,False,False,0.15739294207807286,2.369595533841791,0.001128014076042066,2.9971078716305013,0.11000859187518304
476,5155,1066,0.20679,0.12426769185428249,0.019623312702827616,0.9750639198408462,2596.900745099535,64.75652514516831,0.028118784000562273,0.9740632507205733,0.07320999425703734,0.5642269966309946,0.5078042969678952,False,False,0.28890256601469555,1.1464199885140747,0.000824745503693156,1.4765871090963143,0.01678360504154922
477,671,219,0.32638,0.19576439799774759,0.043360107111875185,0.9509416128366126,531.8869161521122,26.09351425973049,0.02855868474988079,0.9893018596827191,0.09010851548253514,0.7790556806835349,0.7011501126151815,False,False,0.33197829690349295,2.1690212166232037,0.0001900941478854774,0.8965496621544555,0.020999515189868225
478,12187,2794,0.22926,0.11928790147855255,0.01994693492686865,0.9720385592839608,2513.3192538490944,70.27602731698141,0.028057627745623558,0.9719447359054835,0.036266436758139314,0.12212580917002917,0.10991322825302625,False,False,0.15725328735162786,1.072610667146664,0.0016616645740181275,2.6702603152409212,0.012274828580982524
479,9564,4626,0.48369,0.04199820656246483,0.010157948657544344,0.9415007179223115,9691.432453755242,566.9418408490928,0.023789694914481182,0.8240992057688861,0.04539910275688951,0.7061521696510176,0.6355369526859159,False,False,0.3292043836362611,2.538437639169037,0.003470761667716036,1.0933891419422523,0.012325320054233029
480,33940,9779,0.28813,0.031646227874310616,0.009714892248260944,0.9057606951058481,10595.56265474998,998.5184595460727,0.021327254024425653,0.7387977511246602,0.03359723371032815,0.03359723371032815,0.030237510339295337,False,False,0.3201100760491566,2.2576875882315592,0.007208982937257962,2.909287468982114,0.1326079156175005
481,1884,562,0.2983,0.15507289274540853,0.034599334796277845,0.9502189879416009,835.3423537297422,41.58418778391181,0.028379968789212572,0.9831109572027025,0.2434296238515652,0.6391502850427933,0.575235256538514,False,False,0.24674920084226304,2.4975088560231944,0.0003068027497510461,1.274294230384458,0.07362787656212776
482,52127,11095,0.21285,0.03980953523221469,0.006358731765313433,0.9744866905966559,24731.985860466146,630.9948074172033,0.02336987791683528,0.8095563183728116,0.03755841053434,0.6094759829352376,0.5485283846417138,False,False,0.2762446539524133,1.107713512242192,0.008411688448235378,1.3544148460748584,0.06385103312090987
483,20577,12402,0.60271,0.030835613526621983,0.006346632167968024,0.9576375109587716,24826.37681105238,1051.7071155916137,0.021073858025482364,0.7300198562325712,0.05137490786352661,0.8590678766099478,0.7731610889489531,False,False,0.22730835916493095,2.897250184272947,0.0065259207445881205,0.6805167331531408,0.49432728794560327
484,4949,1871,0.37806,0.08880891790827392,0.020135203810499047,0.9485957646852884,2466.5387351719805,126.79053755563163,0.027453569374166376,0.9510195401034605,0.24802073664265145,0.7519792633573484,0.6767813370216137,False,False,0.2466560059086096,1.936086502898557,0.001204918065937035,0.969655988935159,0.07144161396610127
485,7258,1347,0.18559,0.13603897042645555,0.014298887451513472,0.9889521486356817,4890.975692442701,54.034772476600715,0.028238733219545453,0.9782184135527148,0.013258418430616925,0.7619553026757605,0.6857597724081845,False,False,0.24101887383372805,1.0265168368612339,0.0007529911588170772,0.9427206827754466,0.4230999446871188
486,23273,1491,0.06407,0.1945203595825754,0.005750931397928449,0.9991259299356091,30235.950524034713,26.428339221462668,0.028554786106581062,0.9891668067172048,0.002180333559547516,0.40816326009778187,0.36734693408800373,False,False,0.20562124672072735,1.9462631876136474,0.0001010091385147308,1.8979591977359889,0.6114354811578651
487,23269,6723,0.28893,0.039026618534596005,0.00970642682214391,0.9381418506851839,10614.052479784841,656.5656431298253,0.023208380994867262,0.8039619008905198,0.0024402300800055454,0.0033511321669368157,0.0030160189502431343,False,False,0.34951195398399887,1.8979215275176065,0.005522621602900173,2.9909519431492706,0.046921019299971986
488,801,364,0.45443,0.1573509561971252,0.03022421798646777,0.9631046722263147,1094.6867319452085,40.38882578462287,0.02839364037599514,0.9835845548612523,0.016151727175405684,0.9712833155714664,0.8741549840143198,False,False,0.3453370115439139,2.68809565534569,0.00021606985996913024,0.3775350479570407,0.9283175173123938
489,908,423,0.46586,0.24292236179216448,0.04887387109873928,0.9595220519744008,418.6455910878962,16.94591447720213,0.02866581947128524,0.993013115297264,0.05452146063995995,0.6370560286143522,0.5733504257529171,False,False,0.16090429212799198,2.6676370981386897,0.0001756439253930189,1.279948722741249,0.019738524666706232
490,521,261,0.50096,0.29265239881459676,0.05463494916853914,0.9651472613130634,335.01088126485917,11.676046702004486,0.028728089077262823,0.9951701977236734,0.017989529555291827,0.7574067401114555,0.68166606610031,False,False,0.17235856569096586,2.6758796827893523,0.0001086373239413949,0.9550018016990702,0.021994131963467802
491,3137,600,0.19127,0.1769328445560478,0.02501360635347589,0.980013548114074,1598.2598075443373,31.94354274469418,0.028490796927662855,0.9869501565367859,0.14804376300623645,0.5644974730097811,0.5080477257088031,False,False,0.2534438155644725,1.296087526012473,0.00040407089406198333,1.4758568228735907,0.0517736644216057
492,5746,1622,0.28228,0.09397076170461849,0.02015232090606597,0.9540098690453359,2462.3504286319667,113.24381866905739,0.027594804231473955,0.9559120590765898,0.39657493872433447,0.6034250612756654,0.543082555148099,False,False,0.2650066520203005,2.1382560725701025,0.0009479967579742744,1.3707523345557031,0.1574872294484314
493,9723,4461,0.45881,0.053553399359782546,0.012292287993366003,0.947314468373475,6618.118614341232,348.67909756396887,0.025410855211211215,0.8802578457918832,0.11543742809641755,0.8845625719035823,0.7961063147132242,False,False,0.24934984182852782,2.2115560789451085,0.0028735783900560308,0.6116810558603274,0.028920728142649916
494,25236,11358,0.45007,0.04420265209103984,0.011171776228754482,0.9361225159655587,8012.269405730918,511.80361104421894,0.024169798563067942,0.8372663823987776,0.10704467636847807,0.43995063457605066,0.39595557111844565,False,False,0.1714089352736956,2.4197282413695183,0.005513133111013268,1.812133286644663,0.15566820821678806
495,378,148,0.39153,0.24618418792946054,0.05138813093507982,0.9564282168726731,378.68173300702625,16.499838344862457,0.028671074698400283,0.9931951617046354,0.032055093771413384,0.8960019078557887,0.8064017170702099,False,False,0.3282449333373273,2.277479664491865,0.00011590713940346078,0.5807948487893702,0.05750997358053979
496,35834,6734,0.18792,0.04780472243978852,0.007099189997746106,0.9779465775378026,19841.86091452026,437.5809411840785,0.024711471795457178,0.856030493590742,0.1381955968648474,0.4944770921676001,0.4450293829508401,False,False,0.30036134648894486,1.4511572411929092,0.004708481962128097,1.6649118511474796,0.5291865607262628
497,6021,3011,0.50008,0.0526240609217719,0.015218813602142365,0.916364072406929,4317.560225239429,361.10315437684835,0.025309536935993925,0.8767480777836513,0.03498359709393295,0.5413573893124127,0.4872216503811715,False,False,0.2925158074513444,2.930032805812134,0.0019254512118178685,1.5383350488564855,0.04317083609680386
498,28049,9581,0.34158,0.03799171290837906,0.008742932509004164,0.9470413992028608,13082.349529147954,692.8229262027886,0.02298502636352601,0.7962246694987425,0.014106033687197213,0.9858939663128028,0.8873045696815226,False,False,0.2621694940981273,1.6949793308852015,0.006712365567946024,0.33808629095543247,0.053669591447467684
499,12377,7106,0.57413,0.056774967162146965,0.009568511190335855,0.9715962975252191,10922.228594639993,310.2317313636982,0.025732276213312106,0.8913921959170521,0.008733732225533896,0.008733732225533896,0.007860359002980507,False,False,0.15563509991879665,2.718007359313362,0.003156041332984133,2.9764189229910585,0.011519147485022637
