index,total_counts,soft_counts,soft_frac,sigma_eff_marginal,sigma_eff_conditional,absorbed_fraction_I,bnorm2,R_residual_power,sigma_post_pred,shrink_pred,min_prior_edge_margin,kT_ceiling_margin_frac_range,kT_ceiling_margin_frac_value,rank_deficient,already_run_ns,theta_tbabs_1_nh,theta_powerlaw_1_alpha,theta_powerlaw_1_norm,theta_blackbodyrad_1_kT,theta_blackbodyrad_1_norm
0,3575,1188,0.33231,0.12159775769561439,0.039276099400501426,0.8956708742782983,648.2511547268402,67.63147622073483,0.028086879611299582,0.9729580502568246,0.11822062950870219,0.20285454972997713,0.18256909475697944,False,False,0.19679550717331146,2.5838635738648605,0.0058017463938137325,2.4522927157290617,0.24153531342416987
1,163,37,0.22699,0.773370857131404,0.17533876305248,0.9485979698796166,32.52700849460641,1.6719542703657242,0.028847423965657676,0.9993040795199823,0.06501715288889352,0.2543839615873352,0.22894556542860167,False,False,0.20814738262520024,1.87325994323325,0.0001941033557579259,2.313163303714195,0.013490694440393216
2,1320,297,0.225,0.22102808702895735,0.03625944478834333,0.9730879135168334,760.6024156469606,20.469397989196406,0.02862441058921211,0.9915786695445582,0.11280534884886806,0.6347053242859769,0.5712347918573792,False,False,0.318222690486497,1.2256106976977361,0.0023994079292012052,1.2862956244278623,0.039585081345487196
3,794,343,0.43199,0.22775885080762293,0.05387713724017509,0.9440424750278221,344.5013888662203,19.277445070431483,0.028638398634090095,0.9920632296331027,0.14239843037159688,0.574320200767316,0.5168881806905844,False,False,0.22830814711155276,1.943276713242749,0.001977140199388135,1.4493354579282467,0.019266235330567864
4,160,27,0.16875,0.9980086150322016,0.10463280449554427,0.9890082421698416,91.34068580825678,1.0039946984449426,0.028855444852601605,0.9995819311941553,0.058602563910635445,0.5565445102669416,0.5008900592402475,False,False,0.22240403811259668,1.3821951283633993,0.00013098004274426976,1.4973298222792575,0.039348684661571764
5,155,55,0.35484,0.7519187832832978,0.07402191027024332,0.9903087742636799,182.50695643328768,1.7687161132437264,0.02884626259989035,0.9992638486296788,0.10310154066412314,0.8781047395344389,0.7902942655809951,False,False,0.2072862971285757,1.9165353634047122,0.00016076928538039844,0.6291172032570147,0.5788855062759918
6,158,50,0.31646,0.5361961146851457,0.10771188490572473,0.9596466191411981,86.19314911637773,3.478184973712696,0.028825768123201367,0.9985538991316817,0.15792083853746186,0.8420791614625381,0.7578712453162844,False,False,0.26453433514151137,1.6578594018237254,0.0003699223511444709,0.726386264051147,0.054833546946290807
7,1437,740,0.51496,0.1821123884098118,0.03284461674504258,0.9674725950289347,926.9826439720157,30.15233986162662,0.028511531853114995,0.987668435424271,0.006981178243906928,0.4070878043293318,0.36637902389639865,False,False,0.15139623564878138,2.6998143475397947,0.0032530065568780187,1.900862928310804,0.061913626499754404
8,2527,1373,0.54333,0.12085037999844972,0.022082672363497043,0.9666107074579279,2050.6745522446004,68.47057253347772,0.02807758830552404,0.9726361899833866,0.023231223416166243,0.9767687765838337,0.8790918989254504,False,False,0.1802446117663593,2.409897164879708,0.006963380468605988,0.36272430322364885,0.022447042215387677
9,1712,723,0.42231,0.1423577342244433,0.03498361201453619,0.9396097035674645,817.0915219884815,49.34439922539597,0.02829169144245646,0.9800529402079232,0.04995494560680269,0.6669241693929145,0.6002317524536231,False,False,0.21199206190208908,2.9000901087863946,0.003385542472835983,1.1993047426391306,0.6140307105213961
10,164,81,0.4939,0.34570899338202954,0.0811305758815084,0.944925855175327,151.9255728597118,8.367171002247176,0.028767395296799145,0.9965318051094807,0.08322154959781568,0.804642038883306,0.7241778349949755,False,False,0.2672810268795519,2.410392750928273,0.0005915452814860189,0.8274664950150739,0.014670438637778779
11,2782,186,0.06686,0.3104395487929742,0.018027052518519864,0.9966279394773092,3077.1633559883817,10.376381074599127,0.028743508616616092,0.9957043462354568,0.16028042927356378,0.281682320530659,0.2535140884775931,False,False,0.29439660110232646,2.3721583354341145,0.0006216764650363206,2.2394577345672206,0.47801237663311535
12,5567,458,0.08227,0.17898933439614217,0.01307035838210173,0.9946676249753796,5853.626502003492,31.21373176273927,0.028499239741275745,0.987242624179513,0.10118452962716562,0.12141576220290624,0.10927418598261562,False,False,0.3099341922409682,2.108559222885417,0.0023061973357931336,2.672177442052153,0.6275248675985853
13,92,32,0.34783,0.6309340892525036,0.20633595921827524,0.8930497370242365,23.48822278047166,2.5120716032047627,0.02883734529126099,0.9989549439974222,0.020774270285099306,0.4628585830965272,0.4165727247868745,False,False,0.2634953602191295,2.2577631527918958,0.0002006357481473991,1.7502818256393764,0.011003948282249343
14,3423,1722,0.50307,0.10120488432482203,0.020981405628373785,0.9570200194843483,2271.5946652176863,97.63309445051442,0.027760292859781054,0.9616447533226453,0.007846293255422333,0.5231261064328618,0.4708134957895757,False,False,0.19886570787038937,2.270409293133552,0.009645115073888683,1.587559512631273,0.014694798294549687
15,917,280,0.30534,0.24751672462277594,0.038014553806114175,0.976412022985877,691.9906163678538,16.322658752873718,0.028673162854983475,0.9932674975705603,0.022227321227686437,0.8015296700868829,0.7213767030781947,False,False,0.2501985475881197,1.9034171695113602,0.0015191314009535943,0.8358698907654161,0.9027039805961359
16,2029,292,0.14391,0.32868160422035575,0.03042438413101328,0.9914317368634724,1080.3299308902283,9.25655112213414,0.0287568144752581,0.9961652746995825,0.009765104493215822,0.009765104493215822,0.008788594043894241,False,False,0.1927165035935967,1.1991673248076244,0.0015960090973170908,2.9736342178683173,0.10532349769742387
17,3153,235,0.07453,0.2917658747497495,0.016785382422038257,0.9966902629579685,3549.25758815421,11.747109311225458,0.028727246689076516,0.9951410165409058,0.11808379205943688,0.30588718547867394,0.27529846693080656,False,False,0.30603202838121346,2.6799023675058837,0.0005946890465538054,2.1741045992075803,0.5805403573005091
18,173,26,0.15029,0.8016415771812194,0.10558030121373801,0.9826537610062781,89.70862634623482,1.556107272400286,0.028848814581916793,0.9993522518802748,0.12349016215558117,0.4205487887479661,0.3784939098731695,False,False,0.2326764701727374,1.6733342430573444,0.00017659578122472698,1.8645182703804914,0.033424599682051526
19,500,164,0.328,0.28270341479836797,0.07485815675670805,0.9298841586599874,178.45213226903536,12.512321392962624,0.0287181804283849,0.9948269520578549,0.2859259842989768,0.45769020302295865,0.4119211827206628,False,False,0.27735797106011506,1.9437363712917397,0.001130247394870515,1.7642364518380116,0.037312295533066524
20,7250,241,0.03324,0.34371534410837307,0.009006164164064743,0.999313434656326,12328.785083612573,8.46451656801274,0.028766236621997593,0.9964916674369659,0.017371887960077152,0.11020122323007613,0.09918110090706851,False,False,0.3175618166130701,1.9626243764669498,0.00013495406011353701,2.7024566972787945,0.9231158843595679
21,1535,412,0.2684,0.2087734840743045,0.039841678402506,0.96358128875103,629.9770796100039,22.94295335578612,0.02859544770790577,0.9905753659054349,0.09156977847729941,0.9084302215227006,0.8175871993704306,False,False,0.26134537176174444,1.335640297104201,0.002924939942043631,0.5472384018887084,0.031471564133194505
22,3853,136,0.0353,0.46734155388923737,0.01263884430038624,0.9992686151989016,6260.15768297216,4.5785841818049375,0.02881259874584658,0.9980976985180309,0.07037691415195328,0.07037691415195328,0.06333922273675796,False,True,0.26608932862538665,1.8644702017151666,0.00014895011005558424,2.809982331789726,0.4428830891111282
23,2424,145,0.05982,0.6471855206342216,0.01811703846083249,0.9992163595813728,3046.6712012464386,2.3874946955642495,0.028838839141733314,0.9990066924957618,0.0906275599991083,0.19271256787808544,0.1734413110902769,False,False,0.17525346960863963,2.4263499895318215,0.00015179417985112712,2.4796760667291693,0.34047466107980295
24,41,20,0.4878,0.573532526927267,0.13342786815648136,0.9458776073303607,56.17032099293836,3.0400721691594907,0.02883101640579923,0.9987357049739212,0.05574538504548178,0.9442546149545181,0.8498291534590664,False,False,0.3214651234756496,2.779270305255761,0.00017131752448244165,0.4505125396228008,0.06923091406175295
25,171,54,0.31579,0.5540523771554177,0.1528045432089832,0.9239374486470665,42.82796766492697,3.257604489855283,0.028828410163641634,0.9986454220972455,0.2037949843296229,0.5327095797253203,0.47943862175278834,False,False,0.22546044169496726,2.520572814107676,0.00025561713839439434,1.561684134741635,0.041488754242268645
26,2392,1522,0.63629,0.09091705137687715,0.016949640418145156,0.96524395955515,3480.7996097758237,120.97881201778674,0.027513894908326494,0.9531092779066417,0.02945191843111239,0.9592107139571401,0.8632896425614262,False,False,0.21655248400164895,2.941096163137775,0.008010731709616446,0.41013107231572177,0.0748012816787565
27,3964,1549,0.39077,0.10604514222607606,0.024508973042073216,0.9465843311979579,1664.7528679431314,88.9238878313,0.02785392255151809,0.9648881809863565,0.006074107777767299,0.6609621032613301,0.5948658929351971,False,False,0.22228778151516243,1.827168642685789,0.009724153022886421,1.2154023211944087,0.07607356772206049
28,1006,151,0.1501,0.3078305063914068,0.04258786764690498,0.9808597115735757,551.3510532866499,10.553018184119336,0.028741411494298933,0.9956316997873966,0.17679459506635856,0.2572726552408961,0.2315453897168065,False,False,0.31464108098672827,2.13134014054991,0.0008085682069180211,2.3053638308495805,0.11916167664860614
29,1825,978,0.53589,0.09423232255865392,0.02275242599070442,0.9417017350053646,1931.7217924432102,112.61602895176638,0.02760140237711926,0.956140625546458,0.08620749794279339,0.7552906489344153,0.6797615840409739,False,False,0.30000209497644736,2.6384096133972315,0.006723338916131144,0.9607152478770786,0.0599682481809933
30,5124,187,0.03649,0.35569220284057274,0.010751780401762933,0.9990862822091734,8650.460527708141,7.904079683010248,0.02877290925053659,0.9967228140699576,0.08135594011406609,0.08135594011406609,0.07322034610265948,False,False,0.3289265584952613,2.088207297907958,0.00022447804891988134,2.7803389616920215,0.6129073932610609
31,1844,675,0.36605,0.12477689661991323,0.03121867139222979,0.9374019978149369,1026.0562432453485,64.22907095666991,0.02812464916538711,0.9742664259900009,0.06918479492300353,0.11063084200570741,0.09956775780513667,False,False,0.3070699541298264,2.030058906977149,0.005239920928967841,2.70129672658459,0.013752117990144246
32,169,95,0.56213,0.33100713583546626,0.07070878434717028,0.9543677347028608,200.01071321964932,9.126941927909055,0.028758355689645226,0.9962186639320597,0.05098966919724024,0.9452025421811394,0.8506822879630255,False,False,0.25661736215894426,2.8980206616055195,0.0005421495877388844,0.4479531361109236,0.1384329005553435
33,2940,1249,0.42483,0.14274231561123776,0.029771145348983747,0.9565003652244697,1128.2592789463301,49.078866566268545,0.028294698445878508,0.9801571058620336,0.054297081691676345,0.9457029183083236,0.8511326264774913,False,False,0.18244378650295542,1.87460887475524,0.006811714852902679,0.44660212056752613,0.4225139204036469
34,3701,202,0.05458,0.4550204641389015,0.014291269321593426,0.9990135393881017,4896.1914669673015,4.829900030475956,0.028809593574598207,0.9979935963322784,0.07131030046979381,0.3116251176828107,0.28046260591452965,False,False,0.22399207254966708,1.4799154806981023,0.00022454332434259614,2.158612182256411,0.7200777622511569
35,1889,125,0.06617,0.48393269470365624,0.01979042537994938,0.9983275993417468,2553.228842213022,4.270021596388236,0.02881628974553371,0.9982255584978075,0.17086791060360884,0.22698264403188156,0.20428437962869342,False,False,0.31190025837641067,1.9834007740790813,0.0002196523334026936,2.3871468611139197,0.29141341008425664
36,146,22,0.15068,0.7843160415869365,0.08516717092198925,0.9882086848561439,137.86548652059477,1.6256153990253805,0.028847980188895287,0.9993233476581401,0.02131611401126862,0.7114159202951985,0.6402743282656788,False,False,0.2211672329859155,2.732727210442849,0.00011031440528831673,1.0791770152029638,0.1280915989823584
37,9503,1053,0.11081,0.14156415144873735,0.01162906582514312,0.9932518756412851,7394.526035394291,49.89918126059542,0.028285411950293785,0.9798354122184936,0.005256729468375077,0.13205472799554668,0.11884925519599203,False,False,0.23863652704975447,1.9075388098080812,0.004867949238189789,2.643452234412024,0.976082532824974
38,60,26,0.43333,1.012717128662409,0.22347879321334044,0.9513036596679316,20.02291782484019,0.9750428208394561,0.028855792659276618,0.999593979570802,0.029883119559371583,0.9608132001568583,0.8647318801411726,False,False,0.22511979366793924,1.7377759239733237,0.00011475357891398904,0.4058043595764822,0.015863052117929054
39,2802,436,0.1556,0.17501225031520137,0.025351203218717693,0.9790173539239841,1555.9758306932918,32.648490158272104,0.028482648868360987,0.9866678994829075,0.07959076355379097,0.11276649085208212,0.10148984176687392,False,False,0.3340818472892418,1.6116286244660292,0.0031763673309304808,2.6955304746993782,0.1802876485646885
40,343,162,0.4723,0.24619096686841166,0.056373540412051226,0.9475667964153305,314.66568078676426,16.498929701801043,0.028671085406082628,0.9931955326296324,0.10254187917747316,0.8974581208225267,0.8077123087402741,False,False,0.29389368245746234,2.6881291536698475,0.0009830049640796304,0.5768630737791776,0.43401611270189855
41,116,30,0.25862,1.0155987487203135,0.1397179430213802,0.9810739469935227,51.22661199805889,0.9695175740175095,0.02885585903697854,0.9995962789618463,0.039479387360148555,0.9370474680260975,0.8433427212234879,False,False,0.1896786451100067,1.078958774720297,0.00015305612152168778,0.46997183632953643,0.3843748390326023
42,1386,160,0.11544,0.43486419669330995,0.023219092764680194,0.9971490920977492,1854.8530424947146,5.288015196362201,0.02880411796797077,0.9978039157546587,0.004622184753389047,0.6665673796158744,0.599910641654287,False,False,0.24218656635168104,1.009244369506778,0.0005056738221372064,1.200268075037139,0.9376239694293127
43,2454,179,0.07294,0.5280420522504506,0.019511535792510196,0.9986346440435426,2626.740015420943,3.5864351261199094,0.02882447180418909,0.99850899332384,0.00742779117627851,0.14364822089335808,0.1292833988040223,False,False,0.1514855582352557,2.213277191672727,0.00041949210264740277,2.612149803587933,0.29961897105340807
44,1872,314,0.16774,0.22698704832424707,0.02965204052276188,0.9829349716139407,1137.3413529387944,19.40876247253959,0.02863685656654155,0.992009810846247,0.21263681320246564,0.4963075773254669,0.4466768195929202,False,False,0.30031626891427554,1.5835162562911729,0.0019366939216324318,1.6599695412212394,0.37560068323374146
45,3521,1310,0.37205,0.09732170421756657,0.032329651823066345,0.889647381119639,956.7488416039819,105.57974028175106,0.027675679903387037,0.9587136745335845,0.05026108140855326,0.4184138445997909,0.3765724601398119,False,False,0.2790249358383281,2.3078189723551406,0.00793373768474547,1.8702826195805644,0.26257327600628194
46,1390,830,0.59712,0.1393655196500561,0.02567763238043358,0.9660531659897433,1516.6663323811,51.48602023428596,0.02826747382301235,0.979214017261612,0.016993346631856924,0.983006653368143,0.8847059880313287,False,False,0.2020162099872446,2.6765862525583954,0.004206866444613493,0.3458820359060137,0.22969802317244278
47,1756,927,0.5279,0.14817860897555385,0.027978207410110412,0.9643492440074496,1277.4980009382539,45.543769512420624,0.02833482294243122,0.981547059195182,0.10983616954899231,0.5317776404534376,0.47859987640809387,False,False,0.17822447439309963,2.400869119319987,0.004684630003870807,1.5642003707757184,0.01658335275918918
48,2085,963,0.46187,0.12371984822879788,0.02833086779402934,0.9475626183728916,1245.8915636114616,65.33129138708904,0.028112396912980127,0.97384199551648,0.10925392327633528,0.6094054400713994,0.5484648960642595,False,False,0.2363308095124056,2.1474624969864307,0.005861858473758246,1.3546053118072214,0.01653894666003802
49,633,159,0.25118,0.4069334146450126,0.07805664143240762,0.9632063378427257,164.12709336410256,6.038836824094208,0.02879515054458875,0.9974932750964459,0.1594579504214394,0.2959095119594533,0.26631856076350796,False,False,0.18189159008428787,2.4392844522124615,0.0006049647395801053,2.201044317709476,0.08030670049080509
50,2072,868,0.41892,0.11973281035460542,0.027740450244894934,0.9463214644867386,1299.4901402011512,69.75472763992055,0.028063386704833073,0.9721442321044754,0.13056244754880916,0.777241929524126,0.6995177365717135,False,False,0.2648421403972062,2.2193133482533813,0.005481193132294902,0.90144679028486,0.5378609676576928
51,2162,118,0.05458,0.44768775647958303,0.018377500234318684,0.9983149125687025,2960.9230855592114,4.989414276514355,0.028807686631416547,0.9979275378827227,0.016450682987948217,0.3472368700340568,0.3125131830306511,False,False,0.34670986340241033,2.5858985870363593,0.00016479758129607082,2.0624604509080466,0.4656533913543341
52,949,373,0.39305,0.15361814645072866,0.034078157474826176,0.9507884357708104,861.0884998061199,42.37551201522538,0.028370929117231335,0.9827978137795973,0.03683787693465746,0.8645293565886559,0.7780764209297905,False,False,0.34024876789561653,2.4379057696617443,0.002708776423404566,0.6657707372106287,0.8439646302301346
53,1642,797,0.48538,0.10553621613350615,0.026839770076406005,0.9353223034911885,1388.1692431467504,89.78358901111208,0.02784463803204311,0.9645665557972659,0.12860668150144358,0.44554894287632635,0.40099404858869375,False,False,0.2977858963062193,2.612396983714209,0.005530783225620117,1.7970178542339188,0.02205649662787377
54,380,56,0.14737,0.5622475433105735,0.0618739729507562,0.987889533483686,261.20650829990825,3.163332672609328,0.028829539542050787,0.998684544912958,0.08731367062613393,0.41786992306751747,0.37608293076076577,False,False,0.24015832765909143,2.825372658747732,0.00019654230261097728,1.8717512077177028,0.09584473930520965
55,2029,663,0.32676,0.12354381897639671,0.04811863363999789,0.8483003672630092,431.89027643528726,65.51759631791052,0.02811032753403503,0.9737703101270194,0.1435532402759403,0.4594595310939132,0.4135135779845219,False,False,0.2732602787610131,2.7128935194481194,0.004073505021527913,1.7594592660464343,0.28063906813585265
56,1147,103,0.0898,0.47463012536493016,0.029790399827259204,0.9960604912973243,1126.801290907703,4.439043491717082,0.028814267744161907,0.9981555143156288,0.047394601568027925,0.047394601568027925,0.04265514141122514,False,False,0.27011852177863,1.2538939175867132,0.0005225466316716511,2.8720345757663246,0.0924432944179573
57,5583,550,0.09851,0.15487166366640467,0.014405864982464075,0.9913476365747191,4818.604921337888,41.69232098226231,0.0283787330226875,0.9830681489945481,0.06534643155146791,0.11614941136661118,0.10453447022995006,False,False,0.3369307136897064,1.6218493329526265,0.0038889219857020725,2.68639658931015,0.5164143118367115
58,98,20,0.20408,1.1420466488499585,0.16750746402021058,0.9784870167142135,35.63950575459651,0.7667120916123282,0.028858295763143995,0.9996806896323004,0.04800924396199401,0.7080429466562819,0.6372386519906538,False,False,0.20173601937332708,1.180426378778073,0.0001247436616512092,1.0882840440280388,0.020446456240454693
59,370,142,0.38378,0.4058271339216331,0.08476573142816457,0.9563726869916261,139.17440470556292,6.071805316843693,0.028794756977972128,0.9974796415489229,0.04536684689664871,0.9546331531033513,0.8591698377930163,False,False,0.22035082165976544,1.7246540619858775,0.0007125774327358657,0.4224904866209515,0.42415571967083804
60,312,151,0.48397,0.2547199696616415,0.06055709668847402,0.9434797463448807,272.69043775223435,15.412532711081793,0.028683896374672797,0.9936393175994792,0.09118042256469683,0.7801932222281077,0.702173900005297,False,False,0.24868015086278905,2.8176391548706063,0.0009423946724960797,0.8934782999841091,0.12521250384236077
61,1568,196,0.125,0.2758607034779065,0.030759674139582353,0.9875667753168834,1056.9064281589551,13.140755090330504,0.028710741139050415,0.9945692475158643,0.018459017168160785,0.3398030898893515,0.30582278090041637,False,False,0.31277914394646744,1.0369180343363216,0.0016795013087859722,2.082531657298751,0.11865350760430134
62,1005,275,0.27363,0.23887414845430974,0.06996219446031646,0.9142195060386521,204.30225182931804,17.525148079334596,0.02865899982521235,0.9927768758275064,0.14471540621733403,0.14471540621733403,0.13024386559560064,False,False,0.2486038946618107,1.8847119449894352,0.001745888156874506,2.609268403213198,0.045866586682441465
63,935,243,0.25989,0.2401077122545097,0.05535440767629141,0.9468513550765767,326.35899279131695,17.34553822543177,0.0286611139533534,0.9928501113745866,0.12396661962342481,0.5900480510379849,0.5310432459341864,False,False,0.22715874319466167,2.7520667607531504,0.0012031163827407921,1.4068702621974407,0.3181930672270079
64,439,118,0.26879,0.2723281291541435,0.05609122625233439,0.9575766593770126,317.84115549054275,13.483883603379184,0.02870668168240843,0.9944286238127634,0.15236468187406843,0.676313363524892,0.6086820271724028,False,False,0.3195270636251863,2.3862539689774316,0.000910842063770658,1.1739539184827914,0.21462678261683013
65,2817,603,0.21406,0.172828221860985,0.02821023878678553,0.9733569339720384,1256.5693881009202,33.478861175888156,0.02847306007496206,0.9863357339359029,0.07352580485349891,0.8027340236953794,0.7224606213258414,False,False,0.27050645497722225,1.1470516097069978,0.004584785705678091,0.8326181360224756,0.0990777280572784
66,3802,895,0.2354,0.12317389376556398,0.02485151698319619,0.9592930590687161,1619.1764996026438,65.91172212664786,0.02810595129363796,0.9736187127127424,0.11285542720360162,0.4871511021446735,0.43843599193020616,False,False,0.3010257596826517,1.8541549915703344,0.005946879595786579,1.6846920242093815,0.5928932894893083
67,187,83,0.44385,0.3835438725621527,0.08570823544606292,0.9500638552606094,136.1303283495101,6.7978237798819,0.028786094105878575,0.9971795508568128,0.09539529282058246,0.9046047071794174,0.8141442364614758,False,False,0.27910718289131886,2.0945967921692628,0.0005725685998168824,0.5575672906155726,0.06555402039743437
68,161,59,0.36646,0.6458477417676314,0.13722457603745275,0.9548556395777604,53.10509677941249,2.397395629267711,0.028838720407268627,0.9990025794132528,0.12599087742861587,0.6686736722893795,0.6018063050604415,False,False,0.17519817548572317,1.9704169051834874,0.00030962133342013736,1.1945810848186753,0.03722798538100135
69,709,78,0.11001,0.9552650632741353,0.036199314865221856,0.998564005050923,763.1313557467903,1.0958527723346585,0.028854341420157047,0.9995437071730214,0.04154873483722482,0.4859181971339636,0.4373263774205673,False,False,0.15830974696744496,1.3958083462559197,0.00012718090604888998,1.6880208677382982,0.22845208079406504
70,1532,454,0.29634,0.21535852495523342,0.03829153506330467,0.968385856651026,682.0158156617329,21.561345762597487,0.028611614117869322,0.9911353867740921,0.04271780191166287,0.8496219250528719,0.7646597325475848,False,False,0.2320970632950576,1.4347392252973972,0.0027939984566529986,0.7060208023572455,0.8214183418081599
71,1964,664,0.33809,0.1800826554139062,0.04285506014989088,0.9433681894974856,544.4973644936687,30.83587156512397,0.02850361396461871,0.9873941517209863,0.17015815851946095,0.613381657859141,0.552043492073227,False,False,0.19321344127614373,2.237003354385151,0.0031992986844511717,1.343869523780319,0.45675539206038196
72,4801,1525,0.31764,0.12170383397626837,0.027542774416603553,0.9487838592123989,1318.2100845394846,67.51363327740974,0.028088185223936992,0.9730032780052845,0.011142887297402954,0.4639388143902276,0.4175449329512049,False,False,0.20466527341469007,1.5181861519762085,0.009499794821403122,1.7473652011463854,0.04999850492284114
73,1454,346,0.23796,0.2050713387235245,0.05621576022780436,0.9248539350964212,316.43449729524013,23.77880727147944,0.028585680542689923,0.9902370213774395,0.3182361247355506,0.3182361247355506,0.28641251226199554,False,False,0.2605557694939075,2.1260461158587614,0.0020392859073801,2.1407624632140134,0.14523377507511157
74,4683,647,0.13816,0.1455601531149866,0.018210676224553527,0.9843480973391024,3015.4202995491883,47.19706501023844,0.02831603626804389,0.9808962697042998,0.05522853268099482,0.2908249236672378,0.26174243130051406,False,False,0.338954293463801,1.6893819766313476,0.004324673152600657,2.214772706098458,0.5690317957677132
75,832,36,0.04327,0.8039184137237462,0.0303818489365509,0.9985717492937173,1083.3570152970274,1.5473054222543174,0.028848920246702808,0.9993559122158338,0.026759381656819885,0.16483293723525544,0.14834964351172988,False,False,0.3056050624962806,1.097262071190376,0.00011311462584638195,2.5549510694648103,0.09939734936750658
76,1167,87,0.07455,0.4901170725553155,0.027824358661370226,0.9967770715510061,1291.6643533811878,4.162941791063483,0.02881757095673638,0.9982699409557725,0.2307119310490057,0.41558731990048686,0.3740285879104382,False,False,0.28965064332791396,1.862221561236511,0.00028935025011044756,1.8779142362686854,0.2927979542305753
77,496,156,0.31452,0.32740204282551294,0.09760366982144952,0.9111270646643449,104.97060633293279,9.329045908771244,0.028755952530206613,0.9961354160471323,0.12392591282662348,0.3654655758238336,0.32891901824145026,False,False,0.1747851825653247,2.6949263759623774,0.0008618315350151641,2.0132429452756493,0.053259789680379935
78,4935,218,0.04417,0.3230803076395231,0.011597763224987092,0.9987113721867258,7434.4958564054805,9.580298138235987,0.02875296580314719,0.9960319527868271,0.09745227527038673,0.09745227527038673,0.08770704774334807,False,False,0.3115205045147018,1.57847115392883,0.0005439409236457734,2.736878856769956,0.5771992671981236
79,3334,812,0.24355,0.13324320530762188,0.023998260404030126,0.9675608564215621,1736.3628161350246,56.32612269686485,0.028212969862276616,0.9773259446774513,0.09143893791559823,0.8640121179823195,0.7776109061840876,False,False,0.3054868741875182,1.3622675042171917,0.006563298011431003,0.6671672814477372,0.18294012857465752
80,670,107,0.1597,0.3434469931648123,0.04082714438916003,0.9858688153146413,599.931948888736,8.47774916839389,0.028766079129169952,0.9964862117253799,0.024036700586391183,0.6978755844407096,0.6280880259966387,False,False,0.34519265988272174,1.1931389253570694,0.0009289694368411691,1.1157359220100838,0.24744751617995323
81,2428,192,0.07908,0.34994713671658295,0.020040994532105047,0.9967203035466379,2489.7827914207273,8.165731790664609,0.028769793411456884,0.9966148782380723,0.10598620778898836,0.10598620778898836,0.09538758701008954,False,False,0.25458118353688197,1.3237803156499919,0.0009352986811987891,2.7138372389697314,0.2389685873220329
82,531,36,0.0678,0.8979663402556674,0.03881838673677332,0.9981312343204712,663.6285094980186,1.2401661825067236,0.028852608130845697,0.999483664269992,0.033626853314442456,0.03552042502262252,0.03196838252036027,False,False,0.2312742876989584,1.740230966028806,0.00011674914443244008,2.904094852438919,0.05180045166772926
83,65,31,0.47692,0.6705237619856195,0.14448604835010143,0.9535673488772572,47.90139631425634,2.2241888233521,0.028840797758063804,0.9990745409557006,0.067807617828869,0.932192382171131,0.8389731439540179,False,False,0.22806690210971511,2.227037487297609,0.00020338399402533574,0.4830805681379463,0.02220358641412024
84,2595,504,0.19422,0.18778236487937483,0.035576569911921554,0.9641062743586943,790.0814272999298,28.358965985794867,0.028532337329610892,0.9883891582716025,0.09777423087570589,0.09777423087570589,0.0879968077881353,False,False,0.22911203402747016,1.8696499012235157,0.0030367249622221615,2.736009576635594,0.1642295859937707
85,11042,1347,0.12199,0.12052020426405266,0.011293728722236962,0.9912187774249596,7840.16669558894,68.84624877938579,0.028073431433146542,0.9724921917002185,0.01153371630915912,0.06798995270757487,0.061190957436817385,False,False,0.23336458535151566,1.8384626858118367,0.007189958355538251,2.816427127689548,0.9482712144223383
86,4013,663,0.16521,0.18507845500067224,0.02375363416986125,0.9835279217639002,1772.3107543440033,29.19364140423539,0.028522648341617426,0.9880535218820303,0.05263650404424369,0.10640550448055053,0.09576495403249548,False,False,0.22906554641651142,1.1052730080884874,0.0045529774025232115,2.7127051379025136,0.15100621988135834
87,384,184,0.47917,0.20588735437096464,0.05268746278863098,0.9345129805671328,360.2346047181836,23.590690559570913,0.028587877861452074,0.990313138732169,0.06465525999632737,0.6552323368212326,0.5897091031391094,False,True,0.3370689480007345,2.6313842716903135,0.0013883390612800155,1.230872690582672,0.024635238015133204
88,66,20,0.30303,1.1782312815928087,0.23348344540894628,0.9607308872465049,18.343736920125064,0.720342273436842,0.028858852987403975,0.9996999924468903,0.00869869067479911,0.9913013093252008,0.8921711783926808,False,False,0.20644307211909496,1.3241341012136965,0.00011738035131305367,0.3234864648219576,0.025082224600218174
89,2803,1312,0.46807,0.1284335822360446,0.028110465266283982,0.9520952171628169,1265.5051950889736,60.623751550064355,0.028164837979965347,0.9756586073649104,0.028238403094833695,0.1259047723922576,0.11331429515303186,False,False,0.1801714002256769,2.120731193722119,0.007060806521825246,2.6600571145409044,0.011388769577054368
90,2361,219,0.09276,0.22792612780128635,0.02110206079398959,0.9914284075241675,2245.69235347405,19.249159680072747,0.028638730823610237,0.9920747370156353,0.04728819515701255,0.19968531540639917,0.17971678386575926,False,False,0.3305332783031787,2.905423609685975,0.0009741720815754182,2.4608496484027222,0.3198853156935881
91,429,74,0.17249,0.5227922694638788,0.04661678049595514,0.9920489178820102,460.1669748302077,3.658825404861919,0.0288236050125042,0.9984789667790839,0.05457985768108209,0.7460121579811251,0.6714109421830127,False,True,0.31877273614067025,1.1091597153621642,0.00038130294748811897,0.9857671734509623,0.3322081266902957
92,2133,175,0.08204,0.507724882725687,0.02162817983902001,0.998185391051234,2137.7654597388528,3.8792083336048773,0.028820966657599863,0.9983875714842296,0.006581771562301914,0.19092890628893985,0.1718360156600459,False,False,0.15131635431246038,2.9563114823500083,0.00034153859944520355,2.4844919530198624,0.2902019778774696
93,3354,222,0.06619,0.28856882410340606,0.014904715441547364,0.9973322289311455,4501.451984882741,12.008843373107926,0.028724144688222597,0.9950335600792236,0.022260655318179345,0.022260655318179345,0.020034589786361412,False,False,0.3439917179470088,1.5386270165488722,0.0010087398520941676,2.9398962306409158,0.3140127719547869
94,84,42,0.5,0.7811013320109393,0.14845285847560086,0.9638787831832396,45.37565124373211,1.6390237367765508,0.028847819240168923,0.9993177722307106,0.008058025877183406,0.9919419741228166,0.892747776710535,False,False,0.180909813866576,2.2296116208157595,0.00018706681159522026,0.3217566698683952,0.019590337672400218
95,291,42,0.14433,0.5885267383297694,0.07522012986554504,0.983664374811704,176.73877569806618,2.887138396041929,0.02883284911971043,0.9987991920461199,0.16369259896701882,0.16369259896701882,0.14732333907031694,False,True,0.2729539782102398,2.0938917456988437,0.0002417186460651085,2.558029982789049,0.03067050880197097
96,1278,65,0.05086,0.5764068280364272,0.023544937214617735,0.9983314591649398,1803.8687153976443,3.0098286127285263,0.028831378808071746,0.9987482589568968,0.0638636512042688,0.17520036633122793,0.15768032969810516,False,False,0.3081922568926698,2.5824122124509525,0.00013419220910354223,2.5269590109056845,0.18012433914419732
97,4519,1016,0.22483,0.11722138389256428,0.02081151535560682,0.9684794549227227,2308.83337898747,72.77568659829703,0.02803006240977894,0.970989844661272,0.03638117943523025,0.24555887954131783,0.22100299158718606,False,False,0.31125859442276715,1.3146029938147448,0.00845741498948637,2.336991025238442,0.02902714058615247
98,1633,477,0.2921,0.17964654934148294,0.03770209423204752,0.9559553473074365,703.5080169517312,30.985766273073093,0.02850187849736944,0.9873340333719742,0.09821496573810569,0.5516635979505546,0.49649723815549923,False,False,0.2651800565444352,1.5177967712618798,0.0034985482155815233,1.5105082855335024,0.015719181607103158
99,910,219,0.24066,0.2836838411722535,0.05055058709941,0.9682471135584174,391.33400915991797,12.425984353584115,0.02871920292318776,0.9948623723168356,0.2954633275527453,0.4274931857823154,0.3847438672040839,False,False,0.2860992976888893,1.5909266551054906,0.0013042652753004864,1.8457683983877484,0.10506273867247676
100,786,82,0.10433,0.6215242080736626,0.029521775843095868,0.9977438453835924,1147.4005225006333,2.588712985708298,0.02883642636977052,0.9989231116232291,0.015227678426539049,0.6269483847023812,0.5642535462321432,False,False,0.23561198554575885,2.969544643146922,0.00010767924535003595,1.3072393613035704,0.5189395742368906
101,5923,240,0.04052,0.4496397313695727,0.00990884623800137,0.9995143573512798,10184.830871404518,4.946188241156122,0.028808203347816565,0.9979454374638814,0.0011422777213588163,0.0011422777213588163,0.001028049949222935,False,False,0.2313077395022545,2.2277420484202084,0.0001118056749582539,2.996915850152331,0.6077453206046903
102,341,71,0.20821,0.6942321987992239,0.04088248312497183,0.9965321122855186,598.3089062749015,2.0748681055355136,0.02884258899212412,0.999136591123715,0.04247423190113501,0.7821466978702538,0.7039320280832285,False,False,0.1939592759251773,2.765451114319566,0.00012160416886965299,0.8882039157503148,0.658700100257994
103,284,57,0.2007,0.6746384512746102,0.09186423569592735,0.9814582487042964,118.49692153297008,2.197140448370832,0.028841122202490778,0.9990857800403357,0.1880940288579282,0.540895006219294,0.48680550559736463,False,False,0.18761880577158563,1.9056806795723458,0.00027136640263798837,1.539583483207906,0.078694187474747
104,2082,560,0.26897,0.153598439487203,0.029071256179980402,0.9641776568666629,1183.238803446121,42.38638642572616,0.028370804953843847,0.9827935126336859,0.1345928756580994,0.725737065660234,0.6531633590942106,False,False,0.3230814248683801,1.457632713372937,0.004414373596575501,1.0405099227173682,0.041680206176093255
105,1058,283,0.26749,0.2071532772978641,0.04573469138417138,0.9512574900911255,478.088716967547,23.303244024111766,0.028591236392469153,0.9904294816593765,0.09002892382967434,0.09002892382967434,0.0810260314467069,False,False,0.30716024155605404,1.6045883958956892,0.002362526962583631,2.7569219056598793,0.0186100085310396
106,4067,1014,0.24932,0.1087648325913067,0.02135751076573477,0.96144113191807,2192.293681174694,84.5323628492637,0.027901495050073465,0.9665361406771746,0.0340968322015583,0.29679820838627097,0.2671183875476439,False,False,0.33830970894711787,1.5387212033205673,0.008546854990425665,2.1986448373570684,0.08880567090626598
107,5254,529,0.10069,0.2722969226463789,0.01450474417084924,0.9971625077752116,4753.131760358879,13.486974413412888,0.028706645123731597,0.9944273573830488,0.04862111014254427,0.04862111014254427,0.043758999128289844,False,False,0.1622039017956489,2.055371868558117,0.0017603868343281908,2.8687230026151305,0.48596419496535886
108,829,365,0.44029,0.2457230296306252,0.04682560704171665,0.963685914659131,456.07174532109656,16.56182828114937,0.028670344221455372,0.9931698572409885,0.03137336389062731,0.13439505055661796,0.12095554550095618,False,False,0.15627467277812546,2.9040924075697494,0.0015523502699208258,2.6371333634971315,0.0368031159557001
109,331,59,0.17825,0.48803824800836915,0.07153378799049187,0.9785160205813244,195.42384486280528,4.198481860950969,0.028817145700411075,0.9982552096445392,0.041087744821752814,0.9556767476939948,0.8601090729245954,False,False,0.3198664466947425,1.0821754896435056,0.0005367522404385012,0.41967278122621376,0.17660193570878185
110,793,100,0.1261,0.42101197599535195,0.04587725834371215,0.9881257547968002,475.12194207070814,5.6417144415680776,0.028799892524381282,0.9976575420950285,0.2916132378723847,0.2916132378723847,0.26245191408514623,False,False,0.26006124708469713,1.955264287836204,0.0005090622634176112,2.2126442577445613,0.11054640825434937
111,2391,346,0.14471,0.19804631553937532,0.02345569315775757,0.9859730577511366,1817.621523092319,25.49567213470702,0.028565649891983326,0.9895431392827897,0.04010259678168963,0.04010259678168963,0.036092337103520666,False,False,0.2566842434150698,2.8208668935430143,0.0015513295883346995,2.891722988689438,0.21180624244355073
112,640,158,0.24688,0.27806858604417334,0.059558305755356304,0.9541244997717931,281.91314729137855,12.932906652900149,0.028713200972988927,0.9946544586630579,0.16028532165801845,0.5886429695014296,0.5297786725512866,False,False,0.26332411742419354,2.679429356683963,0.0008339478993334047,1.41066398234614,0.23680981736197454
113,2616,1288,0.49235,0.11963788236132876,0.024690173754721618,0.9574096844245449,1640.407353724876,69.8654668674397,0.028062163037601465,0.9721018430281414,0.07386279128080951,0.8132638933761391,0.7319375040385253,False,False,0.19444902925387986,2.212991395272514,0.007116630497917699,0.804187487884424,0.030998435769714307
114,936,400,0.42735,0.140945195294348,0.033620358986182895,0.9431010645161403,884.698533269871,50.338404767187704,0.028280443411768472,0.9796632969951895,0.04715338194082042,0.7080840958325632,0.6372756862493069,False,False,0.3405693236118359,2.3487348032543647,0.003357925587372293,1.0881729412520793,0.04199997327410361
115,1647,203,0.12325,0.31604279017548753,0.027215255466291294,0.9925846260649145,1350.128700169217,10.011709172245693,0.028747839632691244,0.995854377033268,0.14199348674180123,0.49994874278925716,0.4499538685103315,False,False,0.2707501337391189,1.2839869734836025,0.0011348824964319104,1.6501383944690056,0.4065447692673844
116,350,116,0.33143,0.40411618426400214,0.06376905436464746,0.9750995344801398,245.91218366193078,6.123327850187448,0.02879414195186481,0.9974583364196058,0.179665151250479,0.8203348487495209,0.7383013638745689,False,False,0.24179426541386706,1.7940678546571205,0.0006191316225307696,0.7850959083762933,0.36426973660225626
117,3848,510,0.13254,0.2691782868368197,0.018655852952906064,0.9951965843318142,2873.2259495476796,13.801298544295237,0.0287029279685747,0.9942985913512216,0.06638701820205109,0.07076772860410188,0.0636909557436917,False,False,0.1632774036404102,1.9728097212678577,0.001920041998920836,2.808927132768925,0.3610927225735733
118,1307,232,0.17751,0.28123260142009227,0.04411815366490767,0.9753904694174242,513.7659784873683,12.643539559871849,0.028716626612767606,0.9947731263059599,0.21896469360885817,0.26917009485540894,0.24225308536986803,False,False,0.2575593043268929,1.4379293872177163,0.0015263827717594113,2.273240743890396,0.09738884107553297
119,682,85,0.12463,0.4765556170476873,0.05243611960377951,0.9878930735208942,363.69632206953463,4.40324463201705,0.028814695968790164,0.9981703484518926,0.32491809500495683,0.459642490044346,0.4136782410399114,False,False,0.21926879636898397,1.9592733602769938,0.0004465151409272285,1.7589652768802657,0.15555508555957748
120,398,211,0.53015,0.2930776403912265,0.05927206322074501,0.959098925500686,284.6426080480584,11.642188517452675,0.028728490463974157,0.9951841021672236,0.005191224970922254,0.3585745868146406,0.3227171281331766,False,False,0.17932662460831428,2.7201744254965323,0.001014886813321715,2.0318486156004703,0.010241945250700973
121,146,26,0.17808,0.6699360088573757,0.148948262884424,0.9505684484806575,45.074312859717374,2.228093218324083,0.02884075092587039,0.9990729186409322,0.08539903642922964,0.5071876098623906,0.45646884887615163,False,False,0.2182137741063379,2.8292019271415407,0.00015396612124924286,1.6305934533715452,0.038515670188005204
122,4233,572,0.13513,0.2761798012655956,0.019831934347249894,0.994843603243315,2542.5520238380973,13.110407009421648,0.028711100261534526,0.9945816878836367,0.02114357986986563,0.02114357986986563,0.01902922188287907,False,False,0.1570801144229324,1.414990000959795,0.0025453655994435295,2.942912334351363,0.28546549838970736
123,935,260,0.27807,0.3746830245227787,0.08258242336081716,0.9514211520362826,146.63064806090387,7.123147958971997,0.028782214864767997,0.9970451700028462,0.004350789621275428,0.37651678500191726,0.3388651065017256,False,False,0.15198644148820062,1.2979701158605381,0.001568936540207567,1.9834046804948233,0.010202381971486468
124,719,200,0.27816,0.43834022710785386,0.08732175749036516,0.960315375129038,131.14600453367004,5.20447999324418,0.0288051161870251,0.9978384950770424,0.07603027556807654,0.44480053321590884,0.400320479894318,False,False,0.1652060551136153,1.467830570522878,0.000938222823444701,1.799038560317046,0.06664388349493212
125,998,222,0.22244,0.347991203121578,0.07815467022132293,0.9495602019950716,163.71562492903718,8.25778305167125,0.028768697475539205,0.9965769139042471,0.13791369396787337,0.32364638672545054,0.2912817480529055,False,False,0.17758273879357467,1.784036928055253,0.001181813181998135,2.1261547558412834,0.0963397660002106
126,495,114,0.2303,0.42573580928952715,0.07117693224606252,0.9720489472486856,197.38832803065955,5.517211569278711,0.028801379677252877,0.997709058581673,0.35676706946118425,0.551559929248637,0.49640393632377333,False,False,0.22135341389223684,1.7465137088043283,0.000633017052230583,1.51078819102868,0.11276527764239203
127,5864,259,0.04417,0.4104280277593087,0.010421689453903663,0.9993552338421172,9207.118742786102,5.936438576956738,0.028796373042830774,0.9975356236777929,0.018213947404689932,0.15470574115227437,0.13923516703704694,False,False,0.25651882823731154,2.3789079731923293,0.00010874965673948957,2.582294498888859,0.8073552530281591
128,1922,1042,0.54214,0.11145347665413682,0.025103796146963515,0.9492668815077138,1586.7963790699284,80.50312872248543,0.02794535802698751,0.9680555987689016,0.11277774344903031,0.4662263070712359,0.4196036763641124,False,False,0.23156712423409018,2.558236749319405,0.005949007454183702,1.741188970907663,0.02018721404518791
129,130,31,0.23846,0.544559302592404,0.14294532761869536,0.9310951858117175,48.93956122201264,3.3721713724588587,0.028827037828558864,0.9985978830154781,3.126961048716126e-05,0.49248269919060506,0.4432344292715446,False,False,0.34762306570461676,2.9999374607790257,0.00016765740863438827,1.6702967121853662,0.031207262722113355
130,1478,386,0.26116,0.16792822510022667,0.03246362971291974,0.9626279641681966,948.8681033706368,35.46113275882275,0.028450208690047434,0.9855441387419941,0.027838419809949326,0.6230790205896961,0.5607711185307266,False,False,0.34151104197674476,1.547169138148652,0.003491010853589071,1.3176866444078204,0.011367810873669698
131,312,48,0.15385,0.6848618681542317,0.07302159261888024,0.9886316711143034,187.54150568042658,2.1320335162938284,0.02884190320304146,0.9991128346930261,0.15708767964444204,0.3709408377827077,0.333846754004437,False,False,0.24433928300404942,1.314175359288884,0.00027345762968330746,1.998459737986689,0.044178676861897775
132,920,206,0.22391,0.4372247090677652,0.08374235877315744,0.9633156368392854,142.59674789544187,5.2310708853332475,0.028804798423079463,0.9978274874110692,3.027866805116464e-05,0.20049399461139333,0.18044459515025402,False,False,0.15000605573361023,1.2164116674376484,0.0012162638667927294,2.458666214549238,0.02298821031229077
133,279,21,0.07527,0.9955390781054893,0.06090145844839608,0.9962576986015093,269.6153497271229,1.008981900338383,0.028855384941276728,0.9995798558049827,0.004006461353372955,0.18710227888142153,0.1683920509932794,False,False,0.24979349566735892,1.6087045329260032,0.00010186216973354648,2.494823847020162,0.034325051364514914
134,97,39,0.40206,0.5745615020086069,0.21464155458730366,0.8604420555570387,21.705629703705956,3.029193064289287,0.028831146766285783,0.9987402207936414,0.025608795721603916,0.45330761607322556,0.40797685446590304,False,False,0.24407980831949988,2.6881511350529212,0.00020449513136954655,1.7760694366022909,0.011251685678899694
135,172,46,0.26744,0.51161641379021,0.08430152733182629,0.9728492426933498,140.71134489096937,3.8204195754270596,0.028821670387211975,0.998411949393089,0.01599704587265772,0.9496888905159624,0.8547200014643662,False,False,0.2773968214152623,1.699017235400202,0.0003442628186671042,0.43583999560690156,0.9289790247653802
136,439,227,0.51708,0.3141084394577923,0.058560647234356944,0.9652421803219375,291.60049969997675,10.135397586604698,0.0287463704311575,0.9958034823992079,0.0770964454051229,0.6497596844112505,0.5847837159701256,False,False,0.16541928908102457,2.296860269497947,0.0012000270578826984,1.2456488520896234,0.017816999791882948
137,437,98,0.22426,0.4907212959934783,0.07487678910192984,0.9767177679295326,178.36333123791377,4.15269647074276,0.028817693551079347,0.9982741877483873,0.03139958498683981,0.7507688545757489,0.6756919691181741,False,False,0.22411636224053555,1.0627991699736796,0.0006678143008531516,0.9729240926454776,0.046304763064098385
138,667,257,0.38531,0.22341482573206736,0.0617401175879065,0.9236320863722108,262.34035109007243,20.034385273130535,0.028629513262129203,0.9917554313194944,0.015231669689296925,0.2186118774027492,0.1967506896624743,False,False,0.2700569941801589,2.080149777608005,0.0017042556711530732,2.409747931012577,0.010726630960161593
139,427,72,0.16862,0.4679811795633844,0.066027235828951,0.9800937498573509,229.3790593305644,4.5660769325197705,0.028812748328931534,0.9981028802280927,0.2557877721314499,0.3511869601804179,0.31606826416237616,False,False,0.2837085461692983,2.368281542486912,0.000324769730005341,2.0517952075128716,0.07329435620689835
140,549,155,0.28233,0.23470281739573556,0.08536455608531364,0.8677125738778292,137.22866155489982,18.15362642728819,0.028651605895483177,0.9925207425883359,0.08931764623607164,0.1768059224121319,0.1591253301709187,False,False,0.29694928916031843,2.8213647075278567,0.0010185140198573249,2.522624009487244,0.035700568714053776
141,1208,614,0.50828,0.20071606769972328,0.035135829192611545,0.9693566575626067,810.027168819597,24.821939917731108,0.028573505300245924,0.98981525860729,0.028804286335241822,0.5968492714991755,0.5371643443492581,False,False,0.15576085726704836,2.475818617471985,0.0029171836540996363,1.3885069669522259,0.060084787982883046
142,5653,1120,0.19812,0.14734317906217512,0.021706208003196975,0.9782975957430776,2122.4236642182295,46.061696365322504,0.028328933630934156,0.9813430474604917,0.021014036668545424,0.021014036668545424,0.01891263300169088,False,False,0.2258159434028155,1.2849729806984742,0.006653952920345198,2.9432621009949274,0.20659612784289463
143,76,26,0.34211,0.6189294794234063,0.12640140683902526,0.9582917970352476,62.588736546906915,2.610463727205811,0.028836165596847527,0.9989140781841918,0.10226502818401503,0.8977349718159849,0.8079614746343865,False,False,0.3249522575601089,1.9753081303677775,0.00021626264627360917,0.5761155760968406,0.06409675209273515
144,1091,85,0.07791,0.687080732961227,0.031217809140172217,0.9979356216222389,1026.112924437879,2.118285334350744,0.028842068129656395,0.9991185479185578,0.07320388238741163,0.36966522614475056,0.33269870353027553,False,False,0.16464077647748232,2.1816657958733447,0.0002179307752914696,2.0019038894091734,0.24175985003941755
145,446,73,0.16368,0.5767985898148469,0.06670915348106066,0.9866241164429326,224.71348792409455,3.005741448175166,0.028831427784766266,0.9987499555593626,0.1475185761622657,0.4673708146717598,0.4206337332045838,False,False,0.18089432959020726,2.7049628476754686,0.00025985419775567925,1.7380988003862485,0.12056368564349784
146,211,26,0.12322,0.6933704272012702,0.08671775838012427,0.9843582458135463,132.97926065331336,2.0800289070354885,0.028842527078178,0.9991344463617073,0.062027045662004184,0.062027045662004184,0.055824341095803774,False,False,0.27338633728742956,2.323313756847819,0.0001557217790579336,2.8325269767125887,0.017174731632692834
147,5183,952,0.18368,0.166618914052903,0.022357746733014463,0.9819944055045129,2000.5247817513462,36.02063799838759,0.028443768731790067,0.9853210520439865,0.03589431294589481,0.03589431294589481,0.03230488165130533,False,False,0.17713478786541062,1.9569877404776288,0.004709075262649312,2.903085355046084,0.344375529087629
148,1120,448,0.4,0.12575497378564135,0.04615078003422018,0.865318560495935,469.5068234827687,63.23385484364022,0.028135725734151754,0.9746501295874789,0.02629940951252907,0.2963030634397352,0.2666727570957617,False,False,0.31103780053887414,2.947401180974942,0.003252456686952204,2.199981728712715,0.06750539888440468
149,1387,120,0.08652,0.6891624828366465,0.023700529846359824,0.9988173047396047,1780.2618681593021,2.10550727373444,0.02884222142099116,0.9991238580861612,0.042391923146607,0.5122026531708762,0.46098238785378864,False,False,0.18697617995929527,1.084783846293214,0.000129989074117726,1.617052836438634,0.5084504428985673
150,331,53,0.16012,0.9042874499645206,0.06134678411412297,0.9953977458768332,265.71519926859827,1.2228888714220043,0.028852815625099445,0.9994908520817873,0.018335698676918283,0.572363099567314,0.5151267896105827,False,False,0.15366713973538365,1.9022572060300147,0.00017312939480916762,1.454619631168252,0.14490012954284148
151,150,37,0.24667,0.8473180285271775,0.09998688920318287,0.986075063625654,100.02622675132567,1.3928588432781155,0.02885077454183045,0.9994201468832998,0.1322385003988867,0.7549413841189009,0.6794472457070109,False,False,0.20979062277979257,1.4270045710117105,0.00018385565857044793,0.9616582628789674,0.10328750216559024
152,537,165,0.30726,0.4274591775673456,0.07692288905985706,0.9676166418958396,169.00082547401203,5.472814251223641,0.028801910046841253,0.9977274311231501,0.18782709696161065,0.8121729030383892,0.7309556127345503,False,False,0.1967748186437246,1.4038288896323217,0.0008316727173077957,0.8071331617963489,0.1799268032066056
153,697,255,0.36585,0.33356179919317547,0.07220909632889264,0.9531368794199923,191.78568145987197,8.987675515772935,0.02876001201657266,0.996276040779905,0.090964438931795,0.7081312004734284,0.6373180804260855,False,False,0.168192887786359,1.714309186658561,0.0013750838827209992,1.0880457587217434,0.08437515582954373
154,1103,284,0.25748,0.329509300331194,0.06991274634272147,0.9549829148293134,204.59135317114482,9.210106370891445,0.028757366732580128,0.9961844054543946,0.14087618433362661,0.4446754790462511,0.400207931141626,False,False,0.17817523686672532,1.576363726957355,0.0014490448235157404,1.799376206575122,0.1109578547791937
155,667,89,0.13343,0.4956245978791914,0.04083779080787344,0.9932107972939441,599.6191849493263,4.070936193060984,0.028818671941371818,0.9983080801823111,0.16081406076196858,0.568101740589022,0.5112915665301198,False,False,0.2155168071534195,2.678371878476063,0.00028256201106474806,1.4661253004096406,0.3054237147849301
156,4988,284,0.05694,0.424863701437917,0.011996213772710762,0.9992027598984218,6948.828726832204,5.539884920029378,0.02880110883310157,0.9976996762650531,0.03476029252580649,0.2539881786417618,0.22858936077758565,False,False,0.22204512659265685,1.8486271362681053,0.0002125444877711027,2.314231917667243,0.8520781229134183
157,2391,605,0.25303,0.25943400284332785,0.053453056931524585,0.9575486699910382,349.9894116430443,14.857516013301266,0.028690447852254906,0.9938662674402166,0.023676432900274495,0.2731432016491061,0.2458288814841955,False,False,0.1547352865800549,1.3407585234414696,0.0031326252632717993,2.2625133555474135,0.10396028062900604
158,2022,505,0.24975,0.19028070672458156,0.03596995052869667,0.9642652976122836,772.8946817987156,27.619161431125843,0.028540933307330218,0.9886869316746145,0.1622119950683445,0.5065693704349972,0.4559124333914975,False,False,0.2557138053965063,1.324423990136689,0.0035138060837578973,1.6322626998255074,0.05135064900708544
159,145,29,0.2,0.6508539057739001,0.06083621038279732,0.9912631018011291,270.193995692681,2.36065743431312,0.028839160988234497,0.9990178415856075,0.008528978437020718,0.7987578510644269,0.7188820659579842,False,False,0.34829420431259583,2.0554991539482907,0.00015329572066788468,0.8433538021260474,0.29312968839906284
160,182,70,0.38462,0.42218091054910034,0.12588495642517677,0.9110900259799127,63.103337899140264,5.610516133193349,0.02880026515804007,0.9976704505036211,0.1439419699442497,0.5555182137465674,0.4999663923719107,False,False,0.27319716688127416,2.431500102610536,0.00040104339545532275,1.5001008228842678,0.019403672678833358
161,593,76,0.12816,0.6456573351240152,0.050825944569107676,0.9938032105765264,387.1052693297696,2.398809838753604,0.028838703447835692,0.9990019919212626,0.10283180717652789,0.4885506531824616,0.4396955878642155,False,False,0.17056636143530557,2.7313830398882217,0.00021120272002048588,1.6809132364073536,0.17540277867100754
162,3424,398,0.11624,0.21469936107155596,0.02040759059770515,0.9909651288695024,2401.134753213054,21.693943062239132,0.02861006138621392,0.9910815985717386,0.11427447814256919,0.13894154193633373,0.12504738774270038,False,False,0.2835764487965966,1.2285489562851384,0.0026501110817517106,2.624857836771899,0.25464196772922043
163,2570,407,0.15837,0.1753934128534822,0.02402460101218688,0.9812377114784111,1732.557401880018,32.50674185428735,0.028484286689460514,0.9867246352700692,0.0901205472260569,0.48884209312766297,0.4399578838148967,False,False,0.3319758905547886,1.651896479847486,0.0030349364669021313,1.68012634855531,0.5331040016979971
164,3492,1370,0.39233,0.14282444244147663,0.03470476720935434,0.9409563500814377,830.2745554755818,49.02244018979015,0.028295337565410746,0.9801792456120726,0.07261748117770397,0.46259220186207356,0.41633298167586624,False,False,0.16473674907558503,1.9137827809678563,0.0071575606650998765,1.7510010549724013,0.11177940709137521
165,660,173,0.26212,0.2669891153630903,0.06866860635116087,0.9338500753280536,212.07209823168188,14.028553323047365,0.028700241383151658,0.9942055253021899,0.18562772688398477,0.5337685878219286,0.48039172903973576,False,False,0.2919486885843405,2.6287445462320305,0.0008784584311253989,1.5588248128807927,0.15990707224015038
166,537,81,0.15084,0.46880255915436114,0.06163138454487478,0.9827168101367108,263.2668344893382,4.550090685186379,0.02881293952321912,0.998109503392497,0.05048426084678648,0.31644830666263385,0.28480347599637046,False,False,0.2742406773103633,1.100968521693573,0.0006148278861005237,2.1455895720108886,0.028008975445037238
167,765,115,0.15033,0.3735526094885467,0.04529878535514655,0.9852948464136867,487.3341953137002,7.166324189950366,0.028781700139230915,0.9970273393872026,0.2291964227391059,0.46120830919902234,0.4150874782791201,False,False,0.29838316417846955,1.4583928454782118,0.0007579035704455517,1.7547375651626396,0.13647554748748741
168,214,25,0.11682,0.7882977217581548,0.08326642112660827,0.9888426963051677,144.23152740528198,1.6092349536302522,0.028848176817358216,0.9993301590679003,0.07318676796644416,0.3120370593401443,0.28083335340612986,False,False,0.22776862003982973,2.230049509401387,0.00014007916230426832,2.1574999397816104,0.038989538776318285
169,280,34,0.12143,0.5620321579733939,0.06305712170442841,0.987412312421364,251.4963657999918,3.1657576798526628,0.028829510488748284,0.9986835384770367,0.004959194936694787,0.004959194936694787,0.004463275443025309,False,False,0.32519402482971466,2.9711217045714977,0.0001592956634185384,2.986610173670924,0.023177384857053607
170,7876,1316,0.16709,0.12725674653949257,0.014339065043508296,0.9873036163284428,4863.605383254908,61.75019997285546,0.02815226285950364,0.9752229924138909,0.023098873182627433,0.023098873182627433,0.02078898586436469,False,False,0.18883071433683715,2.585838209659686,0.005512588160234991,2.937633042406906,0.6268790460377687
171,51,15,0.29412,0.7123881976304804,0.14203138402786197,0.9602501763163865,49.57142025080979,1.9704552147159948,0.02884384171538513,0.9991799867304328,0.08845952877930355,0.8673515185846579,0.7806163667261922,False,False,0.3300492043224684,2.0987306748583237,0.00015028618413170385,0.6581508998214235,0.05727851307102783
172,3148,688,0.21855,0.1902171103942497,0.030101029790754123,0.9749583150625514,1103.6650576444658,27.63763265000379,0.028540718590953366,0.9886794936811361,0.021741641410793267,0.5971237005976372,0.5374113305378735,False,False,0.21977980472294187,1.0434832828215865,0.004520750314608635,1.3877660083863794,0.050132892475637715
173,783,66,0.08429,0.5372923155677601,0.03570132975132198,0.9955848290231789,784.5691282706333,3.464006844450325,0.02882593792232311,0.9985597811458005,0.11269180820703831,0.11269180820703831,0.1014226273863345,False,False,0.3029054646527379,1.5024347689262232,0.00033676936589541103,2.6957321178409965,0.07684605402014809
174,368,122,0.33152,0.355977290498963,0.0913510541781852,0.9341459421899634,119.8320180468005,7.891424643947351,0.028773059976557727,0.9967280353724901,0.24254541343006863,0.6122420794764923,0.5510178715288432,False,False,0.21195278808124152,2.5149091731398627,0.0006558383183176694,1.3469463854134704,0.10797378155335995
175,1468,503,0.34264,0.15063945597510633,0.03323446841223154,0.9513256684500316,905.3625514989862,44.06791700458697,0.028351624928872336,0.982129097078864,0.03155659497322059,0.6274050141905629,0.5646645127715066,False,False,0.3052555811743257,1.8199289370678595,0.0039597303998034185,1.30600646168548,0.01156413598397929
176,2383,929,0.38984,0.11920700738181346,0.027376914041029453,0.9472569289274338,1334.2309640592812,70.37143856459711,0.028056574091765624,0.9719082362651729,0.014538989977011434,0.6380710174717206,0.5742639157245485,False,False,0.2674731639184529,1.9116748482848247,0.006482943594776944,1.2772082528263544,0.010692468511185944
177,1001,360,0.35964,0.3041891044329745,0.10330460403463113,0.8846674096616394,93.70454262547288,10.807187627467115,0.028738394675416914,0.9955271941157788,0.025682352633476794,0.37294016975252364,0.33564615277727133,False,False,0.15513647052669535,1.971126961714164,0.0016572047768640252,1.993061541668186,0.05923235978406279
178,1817,452,0.24876,0.2531977025607813,0.044582639173701796,0.9689964070353064,503.1163743425596,15.598415283989118,0.028681703199592772,0.9935633437861093,0.02496624998685548,0.7445229263784556,0.6700706337406102,False,False,0.19099537203495007,1.1069138868853954,0.002885973986920361,0.9897880987781695,0.011218440786352573
179,576,146,0.25347,0.29852981790383404,0.061568384060691636,0.9574656227951188,263.8058911549132,11.220819283252904,0.028733487178526314,0.9953571934367288,0.037209352731141274,0.037209352731141274,0.033488417458027143,False,False,0.23695996144921017,2.767082314321479,0.0007450280187747337,2.8995347476259186,0.04346737541330183
180,256,36,0.14062,0.5620133952286582,0.10200513264194527,0.9670579428579615,96.10720564760292,3.165969060204977,0.028829507956266272,0.9986834507492864,0.2434257063168234,0.3150664165520103,0.2835597748968093,False,False,0.25297051160558176,1.9094419267096034,0.0003067972147988909,2.149320675309572,0.03299931222044103
181,1435,317,0.22091,0.3097672893109104,0.04098144237584336,0.9824973677198122,595.4228821761463,10.421467757938665,0.02874297328178689,0.995685801692992,0.043377839801471425,0.1326487426556418,0.11938386839007764,False,False,0.15867556796029428,2.5332194592192794,0.001167977295605365,2.641848394829767,0.1307238919474667
182,76,32,0.42105,0.632748305379029,0.1312734524801387,0.9569580604534687,58.0291468269919,2.497687029664177,0.028837517770459092,0.9989609188521095,0.13517903302445644,0.8648209669755436,0.7783388702779893,False,False,0.24319606243759698,2.415291967367329,0.00018883862840076774,0.6649833891660324,0.0947795250578843
183,432,122,0.28241,0.5557035575431842,0.10706082260987052,0.9628828349745504,87.24465869599219,3.238274394408168,0.028828641727785594,0.9986534437144965,0.0198263384069218,0.8785352706048049,0.7906817435443244,False,False,0.15396526768138435,1.2933466669217781,0.0007047775794451492,0.6279547693670269,0.1445397799292785
184,1716,198,0.11538,0.2531542552996238,0.025054398704682006,0.9902051564204553,1593.0596268455854,15.603769857840426,0.028681640029968383,0.9935611555261306,0.013972009024887102,0.5143185035633171,0.46288665320698547,False,False,0.34720559819502256,2.169825594959737,0.0010657961974150456,1.6113400403790437,0.5662441187282965
185,1889,257,0.13605,0.2691157054811163,0.028854690900307598,0.9885037879654612,1201.0667582574129,13.807718120563333,0.028702852066569754,0.9942959620286423,0.04833567002243022,0.22781523098546647,0.20503370788691985,False,False,0.30176891546945495,1.0966713400448604,0.001751233975468367,2.3848988763392405,0.12471210825569878
186,1873,1186,0.63321,0.1177374082816446,0.019015080618063042,0.9739164079680894,2765.6910096408046,72.1391559817936,0.028037074127606733,0.9712327376917934,0.03406024326645848,0.9504631217457338,0.8554168095711604,False,False,0.18001547276218471,2.8892325346008167,0.005655271353210526,0.4337495712865188,0.011698238908253469
187,2805,546,0.19465,0.2837580982593695,0.03023517655284601,0.9886465333604989,1093.8933498911636,12.419481655161427,0.02871927993946306,0.9948650402388721,0.004032690253777255,0.4050336897101863,0.3645303207391677,False,False,0.15080653805075545,2.0227829527288357,0.0018573936807713977,1.906409037782497,0.5378856390990804
188,1006,578,0.57455,0.16005622350211005,0.029715386765146335,0.9655318762623125,1132.4974309216163,39.03506158161946,0.02840914752404933,0.9841217382274594,0.04088891910591208,0.7890434684693886,0.7101391216224497,False,False,0.1925731771616639,2.918222161788176,0.0028241677099591,0.8695826351326505,0.24723890398316967
189,1310,272,0.20763,0.30299106673328796,0.04875946961362078,0.9741024728213739,420.6123828845456,10.892820617419225,0.02873737848383864,0.995491992206903,0.1210461932649336,0.24667873797347936,0.22201086417613144,False,False,0.21748342763939787,1.2420923865298672,0.001664364229423677,2.3339674074716057,0.059652869689736356
190,303,36,0.11881,0.9926636455938365,0.0679845122780241,0.9953095367392633,216.36152182235188,1.0148357691448326,0.028855314619146387,0.9995774197749296,0.09660773394705478,0.24179436569662666,0.217614929126964,False,False,0.19696089616100834,1.2521372427301176,0.00015603264405121211,2.347155212619108,0.03532429921270612
191,881,294,0.33371,0.18255681431695459,0.04483735177446161,0.9396768779062568,497.4163908765387,30.005709678274556,0.02851323124626534,0.9877273041298397,0.039709250597120105,0.18169305819612458,0.16352375237651215,False,False,0.3257004390761239,1.9474543337842016,0.002504084297086683,2.5094287428704636,0.01200655739295534
192,6111,436,0.07135,0.23358892969741718,0.011940900638271404,0.9973868180146992,7013.355136833772,18.327173300090877,0.028649565157247557,0.9924500493421551,0.017753936808263884,0.24056654182512952,0.21650988764261658,False,False,0.2795968428984261,1.61155950302617,0.0015147909025148517,2.3504703370721503,0.9214931822143311
193,3993,542,0.13574,0.2378907935620676,0.019792732709624675,0.993077607033053,2552.6335937060853,17.670332836263565,0.02865729124537559,0.9927176888857853,0.006487176368992549,0.42929185915377727,0.38636267323839957,False,False,0.18287938668444015,2.3352422381987408,0.0017476924115283898,1.8409119802848013,0.9705672824070597
194,591,234,0.39594,0.2010379715252539,0.06112408520128314,0.9075581650180904,267.654934928861,24.742513326787524,0.028574431804918803,0.9898473536706276,0.19027034334338092,0.3403288480335018,0.3062959632301516,False,False,0.3093350111308768,2.3549325013950897,0.0017221687849613113,2.081112110309545,0.024018212709110504
195,1602,580,0.36205,0.15160791672387863,0.03517227689107127,0.9461783253286169,808.3492377048741,43.50670969261226,0.02835802189652937,0.9823506945387911,0.20877115478605976,0.5761667150709484,0.5185500435638536,False,False,0.29931376223103445,1.9074376987149595,0.003823470030671187,1.4443498693084391,0.10629805050660801
196,400,99,0.2475,0.6244601060874609,0.05804977582494263,0.9913584490101562,296.75558836487545,2.564428548376157,0.02883671752791438,0.9989331976371931,0.025791737993171585,0.6837645999369931,0.6153881399432939,False,False,0.1551583475986343,2.5688323709240057,0.0002771950890435609,1.1538355801701183,0.27704852913565386
197,599,241,0.40234,0.19488272249954763,0.046244033978713045,0.943692694269518,467.6151538524311,26.330149432175233,0.02855592924585358,0.9892064062232074,0.04612461595879359,0.5848449347603463,0.5263604412843117,False,True,0.34077507680824126,2.207285268554138,0.0019108589412676505,1.420918676147065,0.018700835295387814
198,2352,218,0.09269,0.30508997243607944,0.022218856577936475,0.9946961950552747,2025.613528049468,10.743459046171159,0.02873915100121336,0.9955533940099093,0.16793825411953814,0.16793825411953814,0.15114442870758435,False,False,0.2515590401778911,1.7843090254019036,0.0010422459696458435,2.546566713877247,0.26768345372069635
199,114,41,0.35965,0.698390985267591,0.152551686995638,0.9522869939157919,42.97006104721795,2.0502307841847056,0.028842884570659148,0.9991468302645208,0.07493531929680498,0.9250646807031949,0.8325582126328754,False,False,0.20375908861437492,1.824701528279983,0.0002521644563799369,0.5023253621013735,0.02432691499567656
200,439,166,0.37813,0.49140757098073123,0.0772586329249708,0.9752821693876365,167.53515883789325,4.141105677770467,0.02881783224708205,0.9982789923188571,0.016048663535508934,0.882210283171103,0.7939892548539927,False,False,0.15320973270710178,1.6970924623787782,0.0007051214439156881,0.6180322354380218,0.5925572978622549
201,703,200,0.2845,0.2842468038578377,0.06039315062488323,0.9548576469157032,274.1729636543462,12.376812731452572,0.028719785314512313,0.9948825469441158,0.1608491612794273,0.8391508387205726,0.7552357548485155,False,False,0.23237456829385988,1.5056076587484009,0.0015782317305302834,0.7342927354544537,0.030627566651094465
202,636,59,0.09277,0.7912825146824868,0.040358632425469325,0.9973985843720153,613.9416781743558,1.597117476273898,0.028848322276365638,0.9993351979157258,0.11741054081727685,0.17876211542794304,0.16088590388514876,False,False,0.17443851315078973,2.1937061696557407,0.0001717200798024572,2.5173422883445538,0.08422162156157839
203,5586,1544,0.27641,0.14760181844501755,0.029353483397541003,0.9604509662586433,1160.5950305950564,45.90041202505474,0.028330767190611002,0.9814065638308719,0.02271284154980886,0.5105057716930145,0.45945519452371303,False,False,0.172007777728864,1.2021283478181817,0.009006878761625807,1.621634416428861,0.0132173490436154
204,358,55,0.15363,0.5448477792981643,0.05524594396909456,0.9897186432949447,327.6417242293487,3.3686014382612792,0.02882708058792275,0.9985993642432932,0.18769361303355458,0.626749340510973,0.5640744064598757,False,False,0.3085363311588467,2.177142075378669,0.00023734890150717012,1.3077767806203728,0.17201229789745767
205,296,88,0.2973,0.29754051268033666,0.10265609914926882,0.8809642806488119,94.89219337843488,11.29556049961404,0.02873260068600486,0.9953264844349751,0.07191060762488823,0.07191060762488823,0.0647195468623994,False,False,0.31357818601726545,2.649784529422633,0.0006752390648525482,2.8058413594128018,0.014966927164119383
206,904,269,0.29757,0.20932870459813338,0.05837112601590065,0.9222431657496194,293.49712918163965,22.821407626739298,0.028596868834553382,0.990624595176588,0.035647085504258866,0.035647085504258866,0.03208237695383298,False,False,0.24865442831621312,2.769852050452694,0.0014542172617798526,2.903752869138501,0.051157230991501434
207,1505,820,0.54485,0.14037693365642254,0.02846966080698606,0.9588686387685813,1233.7734326874488,50.7467807375949,0.028275826171667746,0.9795033511062854,0.04891168943899926,0.9510883105610007,0.8559794795049007,False,False,0.22431675407049584,2.4896251224325376,0.004308357362047619,0.432061561485298,0.10355880457674387
208,149,42,0.28188,0.7883814339654112,0.08967060657979403,0.9870631828878934,124.36546123183078,1.6088932270189773,0.028848180919437125,0.9993303011680821,0.12265067088038041,0.842125412078187,0.7579128708703684,False,False,0.2720665184227887,1.2745955357345675,0.00017591437989812676,0.7262613873888948,0.2187243515880326
209,5087,778,0.15294,0.11000389054927828,0.01757875817600326,0.9744635635160599,3236.1125408695193,82.6387823547965,0.02792208316968984,0.967249334061332,0.05373138779389919,0.11962274878055654,0.10766047390250089,False,False,0.3125128481124593,2.8925372244122016,0.0044093613942488095,2.6770185782924973,0.5074897309946071
210,56,30,0.53571,0.6263303304509871,0.12161229396784837,0.9622994162452972,67.61530925664758,2.5491366297303704,0.028836900874824354,0.9989395489604628,0.018090335547196634,0.9771298254609693,0.8794168429148724,False,False,0.2442407334733666,2.9638193289056067,0.00014963010207286512,0.361749471255383,0.36102698956981194
211,1489,355,0.23842,0.22085750571070417,0.06260996096586535,0.9196358158991706,255.10157147191833,20.501029654180122,0.028624039658090076,0.9915658201135688,0.2599268646977042,0.3315027062156079,0.29835243559404717,False,False,0.20198537293954083,2.457954134156542,0.0018277412356887384,2.1049426932178585,0.1811618982327281
212,445,217,0.48764,0.20456571567722878,0.04716743463368985,0.9468358575134864,449.4852941803842,23.896500225398416,0.028584306074315023,0.9901894083962651,0.04247983885325901,0.9575201611467409,0.8617681450320669,False,False,0.29502285714031906,2.6242702499566706,0.0015147456189565011,0.41469556490379933,0.17030184001407697
213,1780,400,0.22472,0.18017665773606856,0.030062226664301805,0.972161538069239,1106.516030335027,30.803704386258435,0.028503986434596992,0.9874070544595199,0.03992944408546584,0.7449230920767188,0.670430782869047,False,False,0.3420141111829068,1.3030557839116752,0.0034295628701824735,0.988707651392859,0.08211792099598343
214,5963,1050,0.17609,0.1288388540157408,0.016567261173163685,0.9834648655376137,3643.330442249344,60.24295875349826,0.028169092777545365,0.9758059978766006,0.04388197569495545,0.5613719715094492,0.5052347743585043,False,False,0.29688790467782766,1.1421913785480347,0.007401903383546905,1.484295676924487,0.8170263224887441
215,8190,866,0.10574,0.15843073580720005,0.012281584150727373,0.9939906168062037,6629.659498455504,39.84016437061046,0.028399922142078607,0.9838021616216089,0.0020048234919973706,0.2937910248202493,0.2644119223382244,False,False,0.27491309460980873,1.099552848556177,0.0050088754118235304,2.2067642329853268,0.9908099357856962
216,1344,720,0.53571,0.133183823081408,0.0296047504454434,0.9505894310757446,1140.9777908249764,56.3763617746022,0.028212405776625628,0.9773064041773046,0.014731880278112518,0.5114016391680138,0.46026147525121247,False,False,0.23379031086438018,2.539843648130841,0.004164616497135697,1.6192155742463625,0.010701970772291904
217,143,53,0.37063,0.5149854469812323,0.10816973172599341,0.9558814132426837,85.46503892993067,3.7705967347475595,0.028822266830852317,0.9984326108068675,0.026535237315182127,0.9307999716623089,0.837719974496078,False,False,0.3249213245190729,1.8062477300641382,0.0003459831402965363,0.48684007651176575,0.011299792658628795
218,121,47,0.38843,0.5575112740308324,0.12751521667400637,0.9476861457478959,61.50012147932923,3.2173083915563265,0.028828892895528733,0.9986621444203433,0.10912499578387047,0.6915911021584883,0.6224319919426394,False,False,0.20624929265935618,2.781750008432259,0.00023892441921707352,1.1327040241720816,0.05247936783550663
219,340,70,0.20588,0.49244904996870253,0.09104626543003895,0.9658176698108003,120.63566625801985,4.123608176625731,0.0288180416268407,0.9982862454464582,0.28325895200065354,0.4387260908261418,0.39485348174352763,False,False,0.2303921085974402,2.2036777812984285,0.00036856823594412616,1.815439554769417,0.07068268370924123
220,219,73,0.33333,0.6503800441462072,0.19665440228743092,0.9085733237659075,25.857864428371283,2.3640985991977588,0.02883911971937957,0.9990164119905375,0.06748226998128534,0.3257952024360879,0.2932156821924791,False,False,0.17396527389767014,1.6918969753272506,0.00036348946943813603,2.1203529534225627,0.013644717232605784
221,2389,781,0.32692,0.15265514793454474,0.03416898643656227,0.9498995895424148,856.5166450234238,42.91183547942732,0.02836480734883492,0.9825857495017021,0.08172166097301019,0.41299360097003596,0.3716942408730324,False,False,0.2377978505852713,1.5878586451086865,0.005093805027971884,1.8849172773809029,0.0145694555212496
222,1161,162,0.13953,0.5299191712149209,0.029491784819685663,0.9969027030138389,1149.735356642507,3.5610718550117224,0.028824775519163945,0.9985195143191894,0.07148815477715542,0.6125495011206333,0.55129455100857,False,False,0.17344887427636876,1.1429763095543108,0.0005488506127553297,1.3461163469742898,0.5494144453219937
223,301,86,0.28571,0.3669713043360027,0.06607065124846971,0.9675844821377072,229.07770567420778,7.425672460135335,0.028778608899252444,0.9969202556931805,0.02689854867404973,0.7190175438870448,0.6471157894983404,False,False,0.34462029026519003,1.8195276608746578,0.0006309129139135407,1.058652631504979,0.09990742560546916
224,818,180,0.22005,0.3154633959015311,0.07298915926728868,0.9464673460987815,187.70821402671143,10.048518855907796,0.028747402374633368,0.9958392299698228,0.3020038549727443,0.4217635553085907,0.37958719977773164,False,False,0.21040077099454885,2.2664101837292616,0.0009468878959468283,1.861238400666805,0.1404375184288515
225,923,85,0.09209,0.44153742432427145,0.03166112609233395,0.9948581704603342,997.5789701757682,5.129381016999152,0.028806013684451643,0.997869585299891,0.037357495406748376,0.05038721588793383,0.04534849429914045,False,False,0.2620719413459139,2.9252850091865032,0.0002858600724706438,2.8639545171025786,0.09185315189351158
226,284,164,0.57746,0.3569299296947286,0.06345325668467904,0.9683960110903767,248.36601341621997,7.84935673353358,0.02877356103737441,0.9967453926283336,0.09601592564873895,0.8770443914173567,0.789339952275621,False,False,0.18449793984571392,2.807968148702522,0.0006267689651327158,0.6319801431731367,0.3959080425393723
227,464,158,0.34052,0.4816073942792312,0.11175883584687113,0.9461510243688757,80.06381156335183,4.311354237809864,0.028815795245674288,0.9982084285201904,0.04228162615082993,0.518248884117548,0.46642399570579324,False,False,0.15845632523016598,1.4856786893741825,0.0008104116736202907,1.6007280128826202,0.025113707760294573
228,2196,1141,0.51958,0.11470643442680341,0.025431220696002312,0.9508460013632516,1546.1997063914173,76.00189826010451,0.02799460472450844,0.9697615544131261,0.11183378381334527,0.6875277133562239,0.6187749420206016,False,False,0.2079840333899572,2.6295270236086568,0.0059749246448089575,1.1436751739381954,0.30973003995453713
229,148,54,0.36486,0.51795217216337,0.07155218608936025,0.9809161279293724,195.3233597435577,3.7275260097512204,0.028822782472804995,0.9984504731680786,0.04386151859371968,0.889814768509392,0.8008332916584529,False,False,0.34122769628125604,2.3780792970610376,0.00022275577122488774,0.5975001250246412,0.5723025266135107
230,475,279,0.58737,0.2419403093127636,0.04891651994504267,0.9591215291156604,417.9159002603861,17.083762960896767,0.028664196061391974,0.9929568787289311,0.0935626929885075,0.9064373070114924,0.8157935763103432,False,False,0.21495084301704193,2.5560369269445835,0.0013590755446815134,0.5526192710689702,0.1590090794718455
231,2655,644,0.24256,0.15331829438675676,0.02506130876610745,0.9732810408495167,1592.1812511500548,42.54142580964367,0.028369034900448366,0.9827321961854243,0.16072265501825478,0.7161650096463748,0.6445485086817373,False,False,0.3051909846372136,1.3438527139885106,0.004770398831559216,1.066354473954788,0.4584027208181255
232,2650,1427,0.53849,0.08228127814410381,0.019407946443117993,0.9443638446032808,2654.855144349702,147.70593336681935,0.027239706872604456,0.94361112573268,0.01702367517526042,0.8178992134832197,0.7361092921348978,False,False,0.282296362667403,2.5899237406265154,0.009245973612461789,0.7916721235953068,0.05113233522483992
233,6386,1444,0.22612,0.13323646438239797,0.022151296553866905,0.9723591048521502,2037.9883514345775,56.33182233454251,0.02821290586489728,0.9773237277432,0.006942738007625673,0.33813618004158646,0.30432256203742786,False,False,0.20882436097377488,1.0856041343262064,0.009685332259824882,2.0870323138877165,0.044474626000869294
234,2867,143,0.04988,0.5386359513910155,0.016092624642354995,0.9991073872440946,3861.412844562005,3.44674636087282,0.02882614464017149,0.9985669420621249,0.08611266917332089,0.315861404073685,0.28427526366631656,False,False,0.22798633444030278,1.449483240036063,0.00014867068359748092,2.1471742090010504,0.5680591461054023
235,520,128,0.24615,0.4530103362365895,0.09231071645536006,0.9584770671795645,117.35342161350043,4.872858241905623,0.02880907998528667,0.9979758050766422,0.1370679959376378,0.4704470001307459,0.4234023001176714,False,False,0.17741359918752755,1.3252675433043046,0.0008677023766484051,1.729793099646986,0.026305983313188855
236,2019,1221,0.60475,0.1307006964818375,0.02061040164101725,0.9751333600334172,2354.111830286957,58.538851324818985,0.028188157314844337,0.9764664128210929,0.02156356303107998,0.6387323968690537,0.5748591571821483,False,False,0.15936350279603986,2.95687287393784,0.005253167431327502,1.275422528453555,0.1940389730381562
237,4018,858,0.21354,0.14920620280650793,0.024069834510061932,0.9739760957348185,1726.0516659944592,44.91860331259689,0.02834193656022794,0.9817934821441728,0.05941141236312819,0.2830373216808676,0.25473358951278086,False,False,0.25967389668974056,1.1188228247262564,0.006323121750601847,2.2357992314616575,0.03969569224413822
238,1014,62,0.06114,0.6431563955267724,0.027341574086831372,0.9981927682725135,1337.6822747707156,2.417501848261999,0.02883847929299214,0.9989942269697067,0.08506642662359022,0.29645813422387374,0.26681232080148637,False,False,0.27663453903375484,1.7677794875049955,0.0001479560925373897,2.199563037595541,0.1949279342986722
239,149,55,0.36913,0.439209508660289,0.10934489474904054,0.938019717100755,83.63787271401097,5.1838990119054404,0.028805362139127613,0.9978470151077979,0.14635472220421475,0.6716469935829299,0.604482294224637,False,False,0.21867687069220668,2.7072905555915705,0.0003784870771898815,1.1865531173260893,0.04020427770698902
240,2892,724,0.25035,0.20902791851625258,0.036119618494103674,0.9701408309749948,766.5027034685788,22.88713378099172,0.028596100330487886,0.9905979734148427,0.04151588402587081,0.5138576083494601,0.46247184751451414,False,False,0.18404932362338267,1.0830317680517416,0.004402743993029832,1.6125844574564576,0.019043007543223082
241,928,478,0.51509,0.17355220243509492,0.03710709393452216,0.9542855363736575,726.2499453730885,33.200126711391256,0.028476277709542686,0.9864471960673796,0.22197169280096818,0.7780283071990318,0.7002254764791287,False,False,0.21674751124215802,2.3936965764569376,0.002774959082381854,0.8993235705626141,0.02808945203046489
242,519,161,0.31021,0.4202747736647878,0.088818477837448,0.9553378108905768,126.76324496165428,5.6615240186015425,0.028799655925625483,0.9976493460737075,0.05258314091926841,0.9474168590807315,0.8526751731726584,False,False,0.1889184032715584,1.3643073848851557,0.0009595301483307528,0.4419744804820247,0.018408008734418453
243,1221,595,0.48731,0.1312356929920448,0.03061813062052227,0.9455681111429669,1066.700889053436,58.062544236655015,0.02819349287968943,0.9766512422090684,0.13392363402456964,0.8660763659754303,0.7794687293778874,False,False,0.2792766833519027,2.491072923414062,0.0039056295916936787,0.661593811866338,0.2765689185634507
244,1541,379,0.24594,0.21669693345277088,0.03540909928015433,0.9732992028122869,797.5726280116119,21.29582498300941,0.028614724160932754,0.9912431218260839,0.19975392704172013,0.6493409937863693,0.5844068944077324,False,False,0.251319193627028,1.5628052930735814,0.002376220845142098,1.2467793167768026,0.3985585644379689
245,679,315,0.46392,0.20440037503598604,0.04864712521126365,0.9433563820266162,422.55732863468336,23.935175895036593,0.028583854446674155,0.9901737635558634,0.3133966103615847,0.6651173442282051,0.5986056098053847,False,False,0.24215142719559635,2.2920315843628627,0.001955285624546766,1.204183170583846,0.042344130625735894
246,866,56,0.06467,0.9517490471753858,0.029833805223510416,0.9990174098671857,1123.5248950899265,1.1039644758866065,0.02885424398551946,0.999540331938167,0.028502394151909836,0.028502394151909836,0.025652154736718853,False,False,0.17734652640306423,1.7608918624727583,0.00011747578281857444,2.9230435357898434,0.08437240977759616
247,870,287,0.32989,0.15127629795986114,0.0581584900495106,0.8521965847440798,295.64718954687464,43.69766432584247,0.02835584479847042,0.9822752776497679,0.052537821397689595,0.388214262330174,0.3493928360971566,False,False,0.33949243572046206,2.846168347298466,0.0023236860635309654,1.9518214917085301,0.08029058296152022
248,810,137,0.16914,0.4535370173207277,0.05261317962438372,0.9865425238667282,361.25253432911666,4.861547358818021,0.028809215210521273,0.9979804894161781,0.08102618605481435,0.2229439190199734,0.2006495271179761,False,False,0.16620523721096286,2.439537686255176,0.0005364195259426563,2.3980514186460717,0.09679238906696896
249,2552,192,0.07524,0.37700551286247663,0.018708531534812035,0.9975374560008039,2857.0681473490536,7.035656021548726,0.02878325798478596,0.9970813047402363,0.11769524130626485,0.2908812964513812,0.26179316680624315,False,False,0.26570261789946,1.2353904826125297,0.0006893679104343248,2.2146204995812706,0.42052038534802566
250,3357,478,0.14239,0.22307204618137366,0.023154591267221174,0.9892258272099584,1865.2015248731789,20.096003517232628,0.02862879031794892,0.9917303877984687,0.19371069688716136,0.27789518646450234,0.25010566781805216,False,False,0.2361046359783065,1.3874213937743227,0.0025815364150011933,2.2496829965458436,0.36729475241821863
251,298,63,0.21141,0.6905716778973998,0.06629899658952255,0.9907828557267327,227.50245569634046,2.0969229566757615,0.028842324403673597,0.9991274255109269,0.15496372074012638,0.7194958495781021,0.647546264620292,False,False,0.18099274414802527,1.721635088309342,0.0002735288094114748,1.0573612061391242,0.21054440375273906
252,1231,201,0.16328,0.2879795371361003,0.03954890834310385,0.9811398239683893,639.3387084947377,12.058040586033405,0.028723561728432247,0.9950133657597104,0.16070373555833495,0.20757936086228698,0.18682142477605831,False,False,0.300442143899166,1.32140747111667,0.0014039953325763453,2.439535725671825,0.07602540575880727
253,397,27,0.06801,0.9559187537229489,0.04848108078461601,0.9974278125075684,425.4567459118811,1.0943545204051894,0.02885435941668624,0.9995443305910799,0.007107373589198781,0.440076027283735,0.39606842455536156,False,False,0.2710822257410828,1.0651363439656778,0.00010332722053431423,1.8117947263339154,0.09384600471555969
254,1623,765,0.47135,0.1462709877392077,0.03319017473189696,0.9485123951509985,907.7806525521165,46.739451528172104,0.02832123246646486,0.9810762712977265,0.18127788742925566,0.7660680673692277,0.6894612606323051,False,False,0.22580788188755793,2.2865906165072136,0.0039777357707269255,0.9316162181030851,0.4339545288663322
255,1975,911,0.46127,0.12733126299030123,0.027846699992140542,0.9521725332750262,1289.5925872886446,61.677946557320574,0.02815306895587355,0.9752509164112605,0.03955762866695888,0.960442371333041,0.864398134199737,False,False,0.23442102179638794,2.235332846633866,0.005562703516613142,0.406805597400789,0.03476184033741817
256,1170,562,0.48034,0.20894198179458792,0.0525470135639045,0.9367523115347245,362.1628698274193,22.905964364534743,0.028595880165019363,0.9905903466592917,0.15285608839487166,0.4798773744691802,0.43188963702226224,False,False,0.18057121767897433,2.2045425802319825,0.0025965383839595462,1.7043310889332133,0.058070634024336286
257,1366,458,0.33529,0.2166147145632172,0.05696030628416702,0.9308537356346511,308.2161336258741,21.311994257360386,0.02861453474133358,0.9912365601386894,0.19589821596563553,0.3072171455900833,0.276495431031075,False,False,0.19883613925450294,1.7242591487712582,0.002797225314076287,2.170513706906775,0.02464883694574711
258,1588,226,0.14232,0.22137841273094555,0.028373624436541393,0.9835729683686808,1242.1394872051214,20.40466464682914,0.028625169734622532,0.9916049671129818,0.026368710529070135,0.026368710529070135,0.023731839476163124,False,False,0.3282133406074375,2.456616945478223,0.0013225516984099698,2.9288044815715106,0.13313726592122838
259,2196,1353,0.61612,0.09694817532964274,0.01973335400782348,0.9585692748372423,2568.018724189076,106.39487797469326,0.027667044302314717,0.9584145285373613,0.01974794862777246,0.06371728303691901,0.05734555473322711,False,False,0.21267182239210736,2.953958825090666,0.006785033166496995,2.8279633358003187,0.010952062089943725
260,4118,1125,0.27319,0.12793931919542645,0.025309507664153345,0.9608655419943559,1561.1067653826144,61.09306715219279,0.028159596722100947,0.9754770448665762,0.054079636881660134,0.38559277557306504,0.34703349801575856,False,False,0.2517876054632937,1.3569625315552087,0.007795441669789956,1.9588995059527243,0.015967904695500353
261,1097,552,0.50319,0.12206157263104565,0.031772828829785986,0.9322430506987839,990.5769860046069,67.11847461966562,0.02809256461883313,0.973154984694615,0.10709670711159047,0.705629594853712,0.6350666353683408,False,False,0.3104395727671956,2.785806585776819,0.0037320117525456455,1.0948000938949773,0.13670834470194365
262,2952,1123,0.38042,0.10058424922976641,0.027028682528349748,0.9277912549764384,1368.832303191195,98.84166276114752,0.027747374418899344,0.9611972454034114,0.053816401635183704,0.43633863308124443,0.39270476977312,False,False,0.28758443243601883,2.169955310206763,0.007804897370381557,1.82188569068064,0.10174332806146383
263,927,311,0.33549,0.24976781137140178,0.0541490950402091,0.9529987433852728,341.049638975977,16.029761599869964,0.02867661580588308,0.9933871112984435,0.041575494160676296,0.13818001591521853,0.12436201432369669,False,False,0.1789156046514607,2.9168490116786474,0.0012827996838634097,2.62691395702891,0.06670552520541094
264,298,122,0.4094,0.2976402465277248,0.06112536442314316,0.9578245610250004,267.6437321666626,11.287991893036228,0.02873269045219272,0.9953295940269384,0.046623128934792486,0.9533768710652074,0.8580391839586867,False,False,0.32451380067463814,2.0933824329503308,0.0008714057318443373,0.4258824481239397,0.7531061062730039
265,1291,335,0.25949,0.25510503784862476,0.04896834849337266,0.9631537882080811,417.03171639293026,15.366038946161382,0.02868444501991141,0.9936583232280514,0.11030287257316664,0.8896971274268333,0.80072741468415,False,False,0.21941426654574772,1.302509695088412,0.002351335338428798,0.5978177559475499,0.11766828849020583
266,93,17,0.1828,1.209909516676033,0.16311596422162503,0.9818244672323729,37.58435180486754,0.6831156177793934,0.028859300362003397,0.9997154899576146,0.010955580929659203,0.7469751769641567,0.6722776592677411,False,False,0.22786230895240034,1.0219111618593184,0.00010836296959364328,0.9831670221967765,0.017556548091982625
267,1237,67,0.05416,0.7059058447906937,0.02433764235715515,0.9988113241097244,1688.2742258218418,2.0068108684081327,0.028843405509599768,0.9991648761187767,0.022328658920836755,0.26778146915558376,0.2410033222400254,False,False,0.26124073298898276,1.0888605377796596,0.00011082999607172668,2.2769900332799238,0.20987553827726974
268,671,274,0.40835,0.21858923479748557,0.04941312039811231,0.948899279841319,409.5580247751908,20.928710012779142,0.028619025847007873,0.9913921366028903,0.07366799497012332,0.9263320050298767,0.833698804526889,False,False,0.2731476999600319,1.9986341380387496,0.0018874366810754937,0.49890358641933297,0.026198598102414233
269,526,117,0.22243,0.5007541389875977,0.06773025140837549,0.9817056796353815,217.98902286334544,3.9879610202321953,0.028819664971686372,0.9983424797614764,0.08007046581133226,0.8081757581143736,0.7273581823029364,False,False,0.1923784791438936,1.1601409316226645,0.0006775468562514355,0.8179254530911912,0.29570702066963367
270,1567,382,0.24378,0.34630616376877776,0.052647106665753785,0.9768884765328959,360.78708498722614,8.338339181310358,0.02876773850011214,0.9965436940209894,0.015532827319990202,0.4724646307019096,0.42521816763171866,False,False,0.15310656546399803,1.0554631763719435,0.0020098141324674744,1.724345497104844,0.06964371196809785
271,80,48,0.6,0.49558988959608,0.10028344706997695,0.9590537973405194,99.43550705034623,4.0715064232316855,0.028818665117326038,0.998307843790431,0.033445218919710085,0.9665547810802899,0.8698993029722609,False,False,0.3008642804406224,2.8431114861286826,0.00021810087684047053,0.39030209108321723,0.6908856366642327
272,543,222,0.40884,0.3201034557945273,0.06719734016397878,0.9559319898905306,221.4602746081648,9.75931362027847,0.02875083834836913,0.995958255591499,0.21576475078774765,0.7760937048205289,0.698484334338476,False,False,0.19315295015754952,1.957537626354506,0.0011336156833959112,0.9045469969845723,0.15489338894639992
273,540,79,0.1463,0.6430937810524131,0.04938497524200458,0.9941028651200701,410.02498296248297,2.417972628670735,0.028838473647454274,0.9989940314025383,0.1265202375696635,0.5827721483364549,0.5244949335028094,False,False,0.1753040475139327,1.646201256099235,0.0003357891342742117,1.426515199491572,0.21794070610842178
274,59,32,0.54237,0.5771696269452288,0.13175817029577822,0.94788674823306,57.60297177612576,3.001878170693183,0.028831474078840423,0.9987515592331332,0.08253305849859206,0.917466941501408,0.8257202473512671,False,False,0.30735798163040573,2.681643781525652,0.00017755945679310002,0.5228392579461986,0.08829435434644808
275,1050,541,0.51524,0.12727299023978225,0.03505255901303266,0.9241480128868801,813.8803097876071,61.734438769631616,0.028152438693711233,0.9752290834895161,0.01107047433128927,0.6783093800785459,0.6104784420706914,False,False,0.2951618494856102,2.9778590513374215,0.0032115178248459737,1.1685646737879258,0.17055375599260728
276,783,259,0.33078,0.223349138286381,0.07572729069536857,0.8850427738160306,174.3793929285044,20.046171314705358,0.028629374976605088,0.99175064096842,0.007866292762488649,0.007866292762488649,0.0070796634862397845,False,False,0.24257839743127366,2.450271424678377,0.001520477507121362,2.9787610095412806,0.02691833457158446
277,1905,687,0.36063,0.16265572018315905,0.045168323488826975,0.9228867050204997,490.1534430609191,37.79734703997433,0.028423347598668415,0.9846136432416899,0.041695058114753776,0.041695058114753776,0.0375255523032784,False,False,0.2273658144598281,1.8450067049458343,0.004090129991740054,2.887423343090165,0.019190583716841035
278,3836,175,0.04562,0.5678737401254168,0.01352110935277729,0.9994330809146659,5469.849153759223,3.100961879164831,0.02883028681846775,0.9987104313273875,0.0034851651290983255,0.25164204817964203,0.22647784336167787,False,False,0.19906866229066736,1.5058977198065764,0.00010161792680733239,2.3205664699149664,0.6604575064590297
279,394,91,0.23096,0.42795085062221083,0.07097660465430966,0.9724930364489834,198.50413602454506,5.460246034353195,0.028802060191862384,0.9977326322992522,0.016011468116300488,0.9839885318836994,0.8855896786953296,False,False,0.28890573745225623,1.2188312435822442,0.0006727857874569519,0.3432309639140113,0.9055465338461132
280,1324,72,0.05438,0.5052397493691599,0.02497560245076703,0.9975563616979894,1603.1274637038005,3.91746367331164,0.028820508750533057,0.9983717091181327,0.1918294377474526,0.1918294377474526,0.17264649397270734,False,False,0.25394781967804625,1.9774776624528185,0.00030063787347382845,2.482060518081878,0.19097086115613132
281,6320,495,0.07832,0.3377389027293933,0.01185390317230268,0.9987681422087605,7116.676900611038,8.76673388775164,0.02876264031257138,0.9963670876240472,0.050981376237689564,0.1359360676475055,0.12234246088275495,False,False,0.1601962752475379,2.5915521972912736,0.000791325458584036,2.632972617351735,0.7575127286521297
282,495,83,0.16768,0.32929428912290043,0.06400940329199754,0.9622150232375758,244.06889938342925,9.222137691633327,0.02875722366955114,0.9961794496056967,0.05812629877825882,0.13861463744166114,0.12475317369749502,False,False,0.3383747402443482,2.565011096111726,0.000566066496091465,2.625740478907515,0.04409884012280637
283,123,16,0.13008,0.7643497389067877,0.11868570464738953,0.9758891466223484,70.99098055169608,1.711653123217662,0.028846947470695494,0.9992875732503014,0.0018991659125773418,0.45580305873749727,0.4102227528637476,False,False,0.2825350039840695,2.752480423833326,0.00010087843400856408,1.7693317414087573,0.03346421188209712
284,2104,362,0.17205,0.2351577937760024,0.030233136082547112,0.9834709595044645,1094.0410111993792,18.083448177891142,0.028652431245579996,0.9925493335543704,0.03053168711016596,0.12412795091330205,0.11171515582197185,False,False,0.27951571454445884,1.061063374220332,0.0024952879967020916,2.6648545325340844,0.063499238053582
285,1311,89,0.06789,0.4810253526180005,0.024992715121114187,0.9973004526798357,1600.9328722292505,4.3217940449894225,0.02881567034882383,0.9982041019663763,0.19192464929935707,0.25309267178979705,0.22778340461081736,False,False,0.31161507014012857,2.021943771160541,0.00027678237126776446,2.316649786167548,0.2137379682366899
286,2465,889,0.36065,0.16050101112904844,0.0535203847508657,0.8888056019203372,349.1094029361357,38.81900992343408,0.028411624712319932,0.9842075505463512,0.10580177049219765,0.4016705461223145,0.36150349151008304,False,False,0.17116035409843952,2.2180848906665327,0.004656397154219269,1.9154895254697508,0.19069232728497335
287,642,353,0.54984,0.19183372188384343,0.0384767206081552,0.9597703555958507,675.466633011478,27.1737824529198,0.028546112027228464,0.9888663277942531,0.13349396768874278,0.8380066723527214,0.7542060051174494,False,False,0.2133114233223169,2.7330120646225144,0.0019318540672113795,0.7373819846476519,0.08614403749957038
288,1130,521,0.46106,0.17968265642696712,0.04400932132431629,0.9400102539576991,516.3101436163372,30.97331439460797,0.02850202265200928,0.9873390270351812,0.26794537365342314,0.5767256150239263,0.5190530535215336,False,False,0.21135174619364686,2.2613947756333808,0.002911449440718273,1.442840839435399,0.072115107277175
289,628,167,0.26592,0.33302633553855965,0.06897806012847153,0.9570992587801697,210.17354374017273,9.016600811251843,0.028759667977946254,0.9962641229322908,0.04856619092189136,0.465462422980894,0.4189161806828046,False,False,0.22243088542028244,1.3771165231571114,0.0012540441305394425,1.743251457951586,0.012506401928406593
290,325,123,0.37846,0.4666878516558418,0.1251208722715961,0.928120253811281,63.8764060916806,4.591419857317542,0.028812445237301164,0.9980923808260297,0.09559140087866695,0.5049150997383692,0.45442358976453234,False,False,0.16911828017573338,1.9986127466815564,0.0006237264430053122,1.636729230706403,0.024206170218121353
291,748,271,0.3623,0.32208890955775704,0.047480192110220504,0.9782693161831127,443.58317490948025,9.639365720448911,0.028752263780315746,0.9960076340025844,0.043436535973677366,0.8199909037350844,0.737991813361576,False,False,0.18685164873883162,1.8748861785121156,0.001176946941236754,0.786024559915272,0.8187040297750693
292,2961,1362,0.45998,0.08955960363387722,0.026201215648021504,0.9144108807168312,1456.6563849706413,124.6739370878417,0.027475493654151042,0.9517790194405167,0.04105182504245348,0.3203518951098493,0.2883167055988644,False,False,0.26631315966920505,2.582093114847506,0.008277445880134342,2.135049883203407,0.07954151222515031
293,56,27,0.48214,0.8683733140819576,0.18974304042614154,0.9522560030881396,27.775909546834406,1.326132939628175,0.028851575767750142,0.9994479021633248,0.024846518006949488,0.9751534819930504,0.8776381337937454,False,False,0.2397105074501919,2.05249146454602,0.00012524751107519363,0.3670855986187636,0.0559588569802394
294,4484,1413,0.31512,0.12939256715865885,0.029720474966792587,0.9472414522442332,1132.1096927018173,59.72846328717533,0.02817484456908716,0.9760052457802993,0.025027328701394628,0.1913456573669396,0.17221109163024564,False,False,0.19480772381465034,1.5089319304879132,0.008911387783014325,2.483366725109263,0.013213675574317152
295,59,22,0.37288,0.814750669246864,0.17898199584726943,0.9517420086180858,31.216291441336466,1.5064355233513378,0.028849410898434968,0.9993729088904122,0.03337455417919266,0.9666254458208072,0.8699629012387265,False,False,0.2550250873938825,1.7961224978358192,0.00015532085193274386,0.3901112962838202,0.031077511638871676
296,1231,220,0.17872,0.32923278823947427,0.042616148068839343,0.9832450851354273,550.619534015566,9.225583415201502,0.02875718269724816,0.9961780302834875,0.2663267700626446,0.5229195911525216,0.47062763203726954,False,False,0.20395085380967834,1.695989965427854,0.0011552906671182144,1.5881171038881914,0.2933232308007713
297,3467,333,0.09605,0.19194940732006305,0.01689514840914432,0.9922526982603171,3503.289100862022,27.14103774572033,0.028546492883143065,0.9888795210301422,0.06130623635405352,0.1179318061067337,0.10613862549606035,False,False,0.29933616329890167,2.877387527291893,0.0014519665803688453,2.681584123511819,0.40335185946780355
298,631,54,0.08558,0.6885556566665357,0.0364476219895825,0.9971980505529563,752.7687878438895,2.1092200888509467,0.028842176880147213,0.9991223151460668,0.024359336514739427,0.4258483285166756,0.38326349566500806,False,False,0.3172971403087723,1.0487186730294789,0.0001852534512129549,1.8502095130049758,0.15039588927232597
299,145,74,0.51034,0.4877046290021813,0.09236136983440074,0.9641353187394284,117.22473756864558,4.20422784875363,0.028817076948300185,0.9982528280015553,0.044034722934393374,0.9559652770656066,0.8603687493590461,False,False,0.19503593524973786,2.2175136678072866,0.00043749406443632495,0.4188937519228621,0.3876086190337027
300,2679,359,0.13401,0.32710439144408404,0.024295852884541735,0.9944831452596051,1694.0869680652065,9.34603172041171,0.02875575058432201,0.9961284204364822,0.024573583233966058,0.024573583233966058,0.022116224910569453,False,False,0.17103522267509494,1.3006508110656771,0.0017214117115137825,2.9336513252682916,0.17897937915015275
301,860,447,0.51977,0.1764936774623365,0.03545978248436729,0.9596341752867015,795.2942921300215,32.10270999160728,0.02848895659887479,0.9868864056775146,0.012460513282816837,0.8539608919000413,0.7685648027100372,False,False,0.2103588192071783,2.952578514964806,0.002089277393573194,0.6943055918698882,0.944232562807143
302,494,44,0.08907,0.6876694990182888,0.0480794708129194,0.9951116776829085,432.59414994056385,2.1146596373976694,0.028842111624891587,0.9991200546377026,0.03833182038838505,0.03833182038838505,0.03449863834954655,False,False,0.2033408385795304,2.4472113241337787,0.00018295321022099198,2.8965040849513604,0.04359416148376105
303,1298,357,0.27504,0.18499919073743687,0.03506002508973217,0.9640842625736752,813.5337130123266,29.21866322401381,0.02852235803842739,0.9880434654845355,0.06076000528266124,0.9389997725307556,0.8450997952776801,False,False,0.33784799894346773,1.5232484287727923,0.0030026190432264075,0.4647006141669595,0.06402224911653552
304,1448,377,0.26036,0.3289779623723905,0.06665636637517737,0.9589465501558103,225.06954308420356,9.23988119846204,0.028757012687481216,0.9961721409724049,7.495575207738804e-07,0.36378138792711584,0.3274032491344043,False,False,0.15000014991150415,1.4792830291344896,0.001684557599156411,2.0177902525967872,0.12191852799906058
305,3084,1246,0.40402,0.10675147288935777,0.025504311201696266,0.9429205938318631,1537.3501764936268,87.75103514673667,0.027866604006202337,0.9653274794628964,0.028499994449807674,0.2438331998312385,0.21944987984811468,False,False,0.2522347527763106,2.002499298591582,0.00814191444471953,2.341650360455656,0.011402497584168636
306,321,65,0.20249,0.6237330134454543,0.07423704636504698,0.9858341086580005,181.45069292971925,2.5704107999729247,0.028836645802919128,0.9989307130104741,0.04545889699345962,0.7214596238100573,0.6493136614290517,False,False,0.2412165487196442,1.0909177939869192,0.00036236453312512917,1.0520590157128449,0.11057502678909086
307,999,152,0.15215,0.4663980262073648,0.05070015421492,0.9881830566643613,389.0285185310812,4.597127959429238,0.028812376971915785,0.9980900160437123,0.05459359748863039,0.15044167280578596,0.13539750552520738,False,False,0.16091871949772607,1.5411105170427615,0.0008186522270937291,2.593807483424378,0.08056003616768849
308,385,70,0.18182,0.6483590571962353,0.08774196660572658,0.9816859850504932,129.89285768159854,2.3788597374149543,0.028838942695500892,0.999010279703497,0.00473275341933222,0.15241842601894356,0.13717658341704922,False,False,0.20799685818444513,1.051507978517339,0.00041572766455828434,2.5884702497488523,0.010220343838908002
309,2180,1265,0.58028,0.13385096890361495,0.021580372505348843,0.9740058970102091,2147.247600994847,55.81577528484144,0.028218701974383472,0.9775245108655264,0.04541484668799862,0.6273759644567997,0.5646383680111198,False,False,0.15908296933759972,2.696116070438487,0.005691176728104961,1.3060848959666407,0.09965744725507672
310,609,88,0.1445,0.5994697862676981,0.05042481681442913,0.9929245501041446,393.2885852324759,2.7826936794242396,0.028834100955723287,0.9988425569176602,0.20401033064536447,0.29887504307294765,0.2689875387656529,False,False,0.19080206612907288,2.0461028603044755,0.00030771746455071397,2.1930373837030412,0.09829691082594394
311,52,16,0.30769,0.9040205055487336,0.18707014891636736,0.9571794322841399,28.575314311582634,1.2236111814811095,0.028852806950327364,0.9994905515788676,0.04281235246588786,0.8734151155375031,0.7860736039837528,False,False,0.2854530325893815,1.7309086196828027,0.00012179366655008186,0.6417791880487415,0.01384387201052781
312,415,50,0.12048,0.45053668802855384,0.05250788118325429,0.9864172200976764,362.70288690792427,4.926513482807701,0.028808438545614632,0.997953584954603,0.18643923601729706,0.6876669056307343,0.6189002150676609,False,False,0.2965106533985755,1.3728784720345941,0.0005218494874241812,1.1432993547970172,0.19337553832259663
313,1769,411,0.23233,0.29682691621972057,0.05505830087572301,0.9655936146447904,329.87878819795674,11.349936707248457,0.028731955790856443,0.9953041446117227,0.08028532313620385,0.28585504965031827,0.25726954468528646,False,False,0.16605706462724076,1.2116780975171757,0.0023382335209725102,2.2281913659441406,0.05142848795676175
314,1339,541,0.40403,0.12955465692305235,0.03429222501823197,0.929937557672634,850.3714488852601,59.57910059436222,0.028176515026267716,0.9760631121144712,0.1871468610313128,0.49885633626977105,0.448970702642794,False,False,0.312206029190793,2.318428466443253,0.0042238285165465995,1.653087892071618,0.059915014892675575
315,70,15,0.21429,1.3505153621010586,0.17621545242988404,0.982974929411446,32.2041633949107,0.5482781550436802,0.028860920957214993,0.9997716290225144,0.011859166582759872,0.7886294289363494,0.7097664860427145,False,False,0.18090362454247735,1.0237183331655197,0.00010812420562062193,0.8707005418718565,0.03173629399362956
316,637,147,0.23077,0.38048108312446344,0.062890648368809,0.9726784077450269,252.82956404644796,6.907706258879659,0.028784783666247017,0.9971341558963706,0.06530970321737184,0.8713558993386606,0.7842203094047946,False,False,0.24759239862858107,1.1306194064347437,0.0010191005819229877,0.647339071785616,0.037311800292768656
317,3929,770,0.19598,0.1630966802627464,0.023632036268274863,0.9790051852800381,1790.596416597274,37.59324000468747,0.02842569132754793,0.9846948323916596,0.011085315799025053,0.033930081970739615,0.030537073773665657,False,False,0.2579384707598585,1.02217063159805,0.00565589457837261,2.908388778679003,0.027206073118702233
318,110,30,0.27273,0.8913764444838969,0.15106197673711155,0.9712797629374685,43.821745589059226,1.2585709218117234,0.028852387101511223,0.9994760075892465,0.0865954133509854,0.7169514458355233,0.645256301251971,False,False,0.2131265305795638,1.7035217251287995,0.00014900156388984305,1.064231096244087,0.035646387608414626
319,1722,732,0.42509,0.12731241050964345,0.029514565478470735,0.9462558367776241,1147.9612074754248,61.696214507514895,0.028152865142658762,0.9752438561143952,0.06229935769771622,0.9377006423022837,0.8439305780720554,False,False,0.2704261654023022,2.082569002036098,0.0051793313702043365,0.4682082657838338,0.014373735494181071
320,2176,961,0.44164,0.1603023156287195,0.03711369040883952,0.9463970502457193,725.9918054080985,38.91530226730983,0.028410520571022668,0.9841693019698393,0.11843265693406006,0.30038817989852723,0.27034936190867453,False,False,0.173686531386812,2.0315322606952195,0.0049990610270518685,2.1889519142739764,0.024530943905984332
321,246,87,0.35366,0.35086147107803495,0.07498894398861335,0.9543203133882263,177.83020305339264,8.123227945587056,0.028770299492317963,0.9966324093933548,0.1239222993081902,0.8760777006918098,0.7884699306226288,False,False,0.3100225291326633,1.8724433044132116,0.0007242548187944306,0.6345902081321135,0.05097885315952658
322,8195,368,0.04491,0.2761408590840727,0.008846334305834787,0.9989737212141994,12778.306622454178,13.11410500508053,0.028711056500768495,0.9945801719662338,0.010744119151346439,0.07154182474619149,0.06438764227157234,False,False,0.2655378699636812,2.9643919676693335,0.0004915389722193044,2.806837073185283,0.9517256226912146
323,1375,74,0.05382,0.4970698209551361,0.023743887674666547,0.9977182457626684,1773.766064763579,4.0472982343092365,0.028818954825290188,0.9983178795686963,0.024856476785152796,0.23977294579501118,0.21579565121551006,False,False,0.3450287046429694,2.2177545514196555,0.0002129421619776938,2.35261304635347,0.21445886512766704
324,144,29,0.20139,0.5903768460261973,0.09650540188889238,0.9732794979277458,107.37341170538537,2.869071469978751,0.028833065651588073,0.9988066929303907,0.02906721925948569,0.6264845804639536,0.5638361224175582,False,False,0.34418655614810284,2.3747004764239295,0.00018896341514558712,1.3084916327473253,0.06340784575606208
325,3135,1131,0.36077,0.11510890462778436,0.026994167042573763,0.94500515028094,1372.3349944784136,75.47135678554737,0.028000426397661746,0.9699632230868578,0.05042609033607308,0.25458565288331547,0.22912708759498393,False,False,0.25318244334217277,1.8106912293648738,0.007686048509378163,2.312618737215048,0.012613981237498937
326,463,44,0.09503,0.7384244952408066,0.04839546510188699,0.9957046639561709,426.9634155898916,1.8339513483796643,0.028845479705440626,0.999236728370401,0.04901294644406129,0.06069869770002164,0.054628827930019476,False,False,0.2682094342369468,1.0980258928881226,0.00023566584991622814,2.8361135162099416,0.03465017448334754
327,542,106,0.19557,0.6823391026758012,0.03119233971701085,0.9979102449461401,1027.7893087232615,2.1478279022075957,0.02884171373314625,0.9991062712633259,0.06711127050853495,0.7273320321175273,0.6545988289057746,False,False,0.18142988462398912,2.0166310728393517,0.00014028995647952046,1.0362035132826761,0.7341375852492843
328,86,33,0.38372,0.4895425294388317,0.11571779768124553,0.9441247519278082,74.6792040891493,4.172719054315057,0.02881745396457031,0.998265888228258,0.0785486889082404,0.8274180054866332,0.7446762049379699,False,False,0.3342902622183519,2.5611691227682947,0.00025040264110098853,0.76597138518609,0.04953479000804868
329,382,204,0.53403,0.25986347868492277,0.05746416525206326,0.9511005798881873,302.83481048544854,14.808446622409129,0.028691027288703628,0.9938863397075953,0.004033520196262202,0.16063570528983878,0.14457213476085493,False,False,0.19662665277032298,2.951676177873156,0.0010354887120655812,2.5662835957174353,0.010187486362812501
330,471,64,0.13588,0.397927384780065,0.06866341823217159,0.9702255886317974,212.10414722880998,6.315276132492394,0.028791851006007712,0.997378975727168,0.26608196494528336,0.3928250109602967,0.35354250986426705,False,False,0.2967836070109433,1.960409029470369,0.0005413166599669356,1.9393724704071988,0.0748263219745437
331,678,235,0.34661,0.20377366316106788,0.06271696429300659,0.9052729631296033,254.2318408868065,24.082628965313358,0.028582132788374914,0.9901141235629122,0.050718151324350626,0.050718151324350626,0.04564633619191557,False,False,0.33488912265749704,2.2791378720718383,0.0016949473671572135,2.8630609914242533,0.016889507616195818
332,3804,1311,0.34464,0.14027559711384976,0.031814461769413646,0.9485619011674719,987.986110945243,50.82012721996653,0.028274997130487176,0.9794746322773591,0.04485311028821095,0.863835676666185,0.7774521089995665,False,False,0.18290970891910766,1.5561213751202643,0.007801527149847454,0.6676436730013005,0.012294368343068551
333,2985,181,0.06064,0.3666580106443998,0.016158661402774537,0.9980578247936909,3829.915911124408,7.438367724834655,0.028778457606636696,0.9969150147632349,0.1801951384941367,0.1984548737799519,0.17860938640195675,False,False,0.26918384049439376,2.580086506692056,0.0003904557404513637,2.4641718407941298,0.436123735248931
334,644,385,0.59783,0.1978956095657371,0.03350888078717219,0.9713286906617026,890.5948001848647,25.534519011179437,0.028565197152770637,0.9895274559364106,0.034603478084449,0.7143552554455577,0.642919729901002,False,False,0.18675091293724558,2.890004573615515,0.001944737140230677,1.0712408102969941,0.01172754089831519
335,562,208,0.37011,0.31364757295494905,0.06692924058528758,0.9544647283207848,223.23804236176605,10.165204908079176,0.028746016406113028,0.9957912186119244,0.06345845525647552,0.9365415447435245,0.8428873902691721,False,False,0.18966002026629308,1.8319862837872705,0.0013495624497702528,0.4713378291924839,0.16354716491279828
336,3376,421,0.1247,0.24604309886514178,0.02006344697110926,0.9933505041338819,2484.213417690396,16.518766851487335,0.028670851642762663,0.9931874348306899,0.013578063188653067,0.37642289940643336,0.3387806094657901,False,False,0.2593677327219015,1.0271561263773061,0.0022461404175194723,1.9836581716026298,0.4560378272915
337,6655,480,0.07213,0.2769038620646616,0.01176508878369921,0.9981947706255618,7224.529724380391,13.041933274953152,0.028711910591523504,0.9946097585378728,0.0027492662887309586,0.21978116949306942,0.1978030525437625,False,False,0.1887920733052772,2.2723152288988437,0.0011147984809848374,2.4065908423687126,0.9874189720968923
338,85,46,0.54118,0.4617085260438585,0.100508342588492,0.9526119940902082,98.99101497572573,4.690986802685975,0.02881125454754329,0.9980511341228959,0.09001595872193935,0.8977716606280673,0.8079944945652606,False,False,0.2508058967182071,2.8199680825561213,0.00028574281045385416,0.5760165163042179,0.020908905048683857
339,5791,1148,0.19824,0.14172938021168888,0.02315660378854315,0.9733049982346939,1864.8773327114216,49.78290368881082,0.028286727731823776,0.9798809922277256,0.07875890894592455,0.31376816234690386,0.28239134611221345,False,False,0.222465116012882,1.3726438761986628,0.006957964075281722,2.1528259616633596,0.4208777572922803
340,454,88,0.19383,0.5410856052738033,0.08085840648536828,0.9776684742766866,152.9500571259212,3.4156081350897676,0.028826517574172004,0.9985798608748602,0.08985931408215564,0.3548248998098495,0.3193424098288646,False,False,0.20678243784474923,1.1797186281643113,0.0005586956354889002,2.0419727705134063,0.02758958418204084
341,1873,514,0.27443,0.1508625657295886,0.03469079185425863,0.9471231655780512,830.9436505500321,43.93766982410373,0.028353109176291514,0.9821805129176844,0.15012743493310804,0.46627710279049406,0.4196493925114447,False,False,0.31997451301337837,1.8564792188314414,0.003885996205878471,1.741051822465666,0.16682687839919638
342,2715,1731,0.63757,0.09637547770422479,0.01642343871602543,0.9709601010340615,3707.4201966572828,107.66310793520735,0.027653624681490005,0.9579496592356271,0.04862825269268594,0.846264982738141,0.7616384844643269,False,False,0.18743811806615093,2.893349863390189,0.007993619919979515,0.7150845466070193,0.15812803920628635
343,424,56,0.13208,0.6956599460591032,0.06579678306597371,0.991054279524913,230.9886702637573,2.066360077091617,0.0288426910634995,0.9991401269798781,0.11682889752920368,0.4469222292704567,0.40223000634341105,False,False,0.17336577950584073,2.550183187589494,0.00019907396391954382,1.7933099809697668,0.10456073154838066
344,1785,425,0.2381,0.19242447749937286,0.029493593515469,0.9765072017571659,1149.594345834376,27.007188027789873,0.028548049856834904,0.9889334561809484,0.08578816843350756,0.7723224731519053,0.6950902258367148,False,False,0.3028829501645329,1.3789245266447057,0.0029639872554087423,0.9147293224898558,0.6736334790709099
345,5267,1386,0.26315,0.10346639908663646,0.02426597670878843,0.9449956694392143,1698.2610425541534,93.41171176315318,0.02780555739425829,0.9632127627925559,0.009803800367410994,0.3585895121112503,0.32273056090012525,False,False,0.2779555160087208,1.697603620275532,0.0095585584298145,2.031808317299624,0.307008088319126
346,1272,317,0.24921,0.17230472784220527,0.05117672806567751,0.9117833332153091,381.81674198256604,33.682600300292314,0.02847070885599581,0.9862542853217177,0.12422105359766318,0.25637511701694576,0.23073760531525123,False,False,0.32515578928046734,2.4759449985486306,0.002186369700113473,2.3077871840542463,0.12476791153764069
347,698,224,0.32092,0.19891854932706055,0.06009569490924229,0.9087282965204655,276.8938290997143,25.272571464902025,0.028568250425813728,0.9896332244172109,0.06978616983828845,0.2997024048728179,0.26973216438553616,False,False,0.3360427660323423,2.2459628663057423,0.0018146915171838866,2.1908035068433915,0.03383756167188301
348,1642,914,0.55664,0.10567330672485928,0.024491265602578288,0.9462854599596158,1667.1610054233568,89.55078657958012,0.027847151313012998,0.9646536184039368,0.04005741566685112,0.4358563927152975,0.3922707534437678,False,False,0.25661539350835516,2.7637244604437123,0.005489533423641567,1.8231877396686966,0.012025823660848534
349,631,54,0.08558,0.6324983038416022,0.0373356873631213,0.9965155874276105,717.3840185500038,2.4996618934669477,0.02883749409053834,0.9989600985555922,0.11824543897563,0.4755057854100151,0.4279552068690136,False,False,0.30687444067088565,1.23649087795126,0.00022156908765775878,1.716134379392959,0.1775343713994574
350,225,43,0.19111,0.6781767153923531,0.09855271899387281,0.9788820638666511,102.95863560915542,2.174273891170885,0.0288413964946832,0.9990952818006035,0.04409075081237725,0.4537206923147647,0.40834862308328823,False,False,0.2608748137790829,1.110930993879402,0.00030083774217157835,1.7749541307501353,0.012251281014222994
351,6095,451,0.074,0.2823990476990399,0.01219006165248394,0.998136688997066,6729.58364870252,12.539307257792277,0.02871786085555021,0.9948158817301268,0.041446255335899754,0.18677022310850447,0.16809320079765402,False,False,0.19486032872974654,2.7338576031589445,0.0008700395024117723,2.495720397607038,0.8262424220188463
352,4066,536,0.13182,0.26268277253046096,0.02053237765333909,0.993890364453314,2372.037292839109,14.492283362394593,0.028694761548099763,0.9940156982476503,0.03297287607915356,0.07644343606152419,0.06879909245537179,False,False,0.17651679575516452,1.0659457521583071,0.0029011894065485862,2.7936027226338846,0.2479868174628988
353,2134,767,0.35942,0.10941404268274807,0.03821489499597584,0.8780114100178134,684.7541275991182,83.53219051029875,0.027912363834472022,0.966912646413071,0.08090079279298686,0.08090079279298686,0.07281071351368817,False,False,0.2822226585140584,2.812303192393614,0.004804467888480338,2.7815678594589355,0.10460401735097007
354,1286,505,0.39269,0.1739392839434111,0.03915159835065999,0.9493355143986829,652.3805531322488,33.052525140748095,0.028477982023614616,0.9865062352386724,0.09969163238970702,0.9003083676102929,0.8102775308492637,False,False,0.24784867337941446,1.9032321875808411,0.0032882192530017244,0.569167407452209,0.1207743690405774
355,3217,629,0.19552,0.23138405226233333,0.03332681100928045,0.9792546545035588,900.3523088997597,18.678119716644108,0.028645439709345123,0.9923071396347352,0.10841278698243928,0.15188737596867521,0.1366986383718077,False,False,0.17957626357511047,1.2168255739648786,0.0034958199121401905,2.589904084884577,0.13784892881847502
356,890,112,0.12584,0.6296295948527517,0.027460659131480082,0.9980978198377845,1326.1055278785118,2.522491628134885,0.028837220351182996,0.9989506159461625,0.05068767771575766,0.655782356437405,0.5902041207936645,False,False,0.18052552719088807,2.8986246445684847,0.00014167162224570768,1.2293876376190065,0.7185267276998305
357,1809,82,0.04533,0.5297859281451754,0.01943820288761767,0.9986537944264311,2646.5967717119656,3.5628633250681156,0.028824754066715128,0.9985187711845634,0.0687915067767757,0.08432071442840905,0.07588864298556815,False,False,0.3211829995684129,1.1375830135535514,0.00025729722656675643,2.7723340710432955,0.1949143447963732
358,470,199,0.4234,0.21979678870742436,0.06433876305447153,0.9143154089522907,241.57644489034135,20.699378887188384,0.0286217140294125,0.9914852579729868,0.1936339149240263,0.45004598178376765,0.40504138360539094,False,False,0.28452120274108866,2.4420231257508602,0.001432606963245232,1.7848758491838272,0.024393146824458343
359,4874,771,0.15819,0.1550480826002907,0.020311950615128353,0.9828378985810491,2423.799748557857,41.59749710397767,0.028379816679087833,0.9831056879534146,0.13994488652788922,0.3071865992470898,0.27646793932238084,False,False,0.26369445217636595,1.286365790153851,0.005249406769190637,2.1705961820328574,0.42052135778358857
360,317,120,0.37855,0.40630446663967656,0.09008709740004282,0.9508388543611118,123.21818619926611,6.057547197101763,0.028794927184559893,0.9974855376780787,0.05947761488121339,0.9405223851187866,0.846470146606908,False,False,0.20017719121365832,1.719518268228743,0.0008083535693741472,0.46058956017927616,0.026494677870425393
361,60,29,0.48333,0.7578037002870518,0.14815951770568123,0.961775160717156,45.55550746118991,1.7413519511523867,0.028846591018859533,0.9992752253964946,0.0879526804050772,0.8675121019785932,0.7807608917807339,False,False,0.20086032339718785,2.4859606383881405,0.00014993580676048225,0.6577173246577984,0.06609414498781946
362,458,90,0.19651,0.4062304828217183,0.06516655580380783,0.9742661646229434,235.47806783169307,6.059753832488168,0.028794900842608703,0.997484625166122,0.1711447823814498,0.2883171474472647,0.25948543270253827,False,False,0.30716709020010335,1.3422895647628996,0.0006938960449755551,2.221543701892385,0.026466813101800275
363,873,453,0.5189,0.19890654372909095,0.03601302801819294,0.9672190801602693,771.0467699952253,25.275622359896794,0.02856821485880133,0.98963199233976,0.016390510192174634,0.7863538702236165,0.7077184832012549,False,False,0.17844875167078303,2.9672189796156507,0.001961338988303081,0.8768445503962357,0.542270433108771
364,2265,504,0.22252,0.1838987610779923,0.02900464652427686,0.9751241718755157,1188.6796992265752,29.569391893023976,0.028518289816572766,0.9879025381455621,0.07594603306074665,0.8250635512142578,0.742557196092832,False,False,0.29420548333002683,1.1518920661214933,0.003872213775540671,0.7723284117215037,0.15516031020260815
365,7590,314,0.04137,0.3588927761326252,0.008871655320714638,0.99938894558399,12705.468366939014,7.763732553092793,0.028774580967370324,0.9967807240397953,0.010762801333094164,0.10511822307691546,0.09460640076922393,False,False,0.2833548836566192,1.5365351465150596,0.00014293774810322096,2.7161807976923282,0.951643744855052
366,2967,1735,0.58477,0.10531042368711614,0.01822743532210254,0.970042303843328,3009.877831320726,90.16900553940913,0.02784047866017744,0.9644224709292877,0.042748175271277604,0.20490358438293158,0.1844132259446384,False,False,0.17209938667957445,2.689013794891677,0.008213034543715013,2.4467603221660847,0.012913665608248241
367,1204,630,0.52326,0.13390793654591138,0.03182109147427565,0.9435300363261158,987.5744736512113,55.76829465233925,0.028219235444275657,0.9775429908046779,0.2075661034953189,0.7465663562763828,0.6719097206487445,False,False,0.2592083021096395,2.584867793009362,0.0037138290050484847,0.9842708380537661,0.13684607984946953
368,925,485,0.52432,0.1892517394196037,0.03893620792327147,0.9576720198145624,659.6182988681787,27.920310284444323,0.028537433244533627,0.988565685942747,0.04054852526707185,0.8810575247555281,0.7929517722799754,False,False,0.20032891843819145,2.282473350476648,0.002683561741725286,0.6211446831600741,0.01205305256365192
369,5349,300,0.05609,0.35730564431555617,0.01146087976613299,0.9989711402929571,7613.144748342505,7.8328578754549945,0.02877375755847238,0.9967522003188626,0.0613670432936577,0.0613670432936577,0.055230338964291935,False,False,0.22292234953423376,1.227217746636704,0.0007183424602462621,2.834308983107124,0.5704337189722977
370,5809,568,0.09778,0.1680286981452803,0.01337044281869049,0.9936682369103892,5593.819106557078,35.41873734885782,0.028450696843528068,0.985561048874601,0.06037602385708663,0.19669892856191715,0.17702903570572545,False,False,0.33792479522858265,1.7471786037478496,0.0030039772433711758,2.4689128928828237,0.7163267963468622
371,2501,826,0.33027,0.12980360771168287,0.02904263516717475,0.9499391162602293,1185.5720751811589,59.35078582076267,0.028179069049806684,0.9761515860851355,0.11585651028730574,0.584263304050995,0.5258369736458955,False,False,0.2743435213127313,1.7451240884300632,0.005865256094135074,1.4224890790623133,0.04174390574649442
372,3367,888,0.26374,0.14296531295454346,0.027030763771008888,0.9642517097282517,1368.6215239078706,48.925879508821076,0.028296431371016065,0.9802171361497128,0.1046344205015393,0.7160147277575492,0.6444132549817942,False,False,0.25995238504249185,1.3090773502940392,0.006176339482741212,1.0667602350546173,0.055413371697092796
373,2417,956,0.39553,0.11309722962157447,0.02641193816713741,0.9454623261745027,1433.5058059178216,78.18007207010285,0.02797074145343153,0.9689349064543261,0.08491580361812663,0.6815014571887928,0.6133513114699136,False,False,0.2669541226440709,2.0282750572238397,0.006763451697321853,1.1599460655902591,0.04987726167873813
374,258,96,0.37209,0.4243560901375663,0.08088523985619912,0.9636689728236283,152.8485927589221,5.5531463773945715,0.028800950422114713,0.9976941887474988,0.09740299167948877,0.9025970083205113,0.8123373074884602,False,False,0.22160439315805314,1.900014310423091,0.0005903983309149385,0.5629880775346197,0.3987803228482032
375,1539,83,0.05393,0.4797431198746211,0.0216415305473846,0.9979650280197309,2135.1286887639994,4.344927055903528,0.028815393602352482,0.9981945151873927,0.08434522071681884,0.13251711482293113,0.11926540334063802,False,False,0.3331309558566362,1.871404670566425,0.0002766823434563371,2.642203789978086,0.1912688558872864
376,873,433,0.49599,0.17936390719755899,0.04513142281285817,0.9366877221479994,490.9552962469226,31.08349812889641,0.02850074713756717,0.9872948419187908,0.09732575398357392,0.12484227818948229,0.11235805037053408,False,False,0.21237798242577766,2.7007646327192707,0.0022979097082984363,2.662925848888398,0.015654943623153374
377,2483,1272,0.51228,0.13207203645034976,0.025176980778564933,0.9636599477079759,1577.5847641445064,57.329512824111845,0.02820171017848387,0.9769358977893274,0.07591384003369228,0.673930323542169,0.6065372911879521,False,False,0.16518276800673845,2.6944283026193467,0.005627657900639802,1.1803881264361438,0.5413041005669373
378,1023,165,0.16129,0.28850012734160063,0.03945202975805155,0.9812997812985871,642.4824898275855,12.01456307160415,0.028724076911132282,0.9950312122119433,0.02002031201859933,0.3733958550593558,0.3360562695534202,False,False,0.34175177976036236,1.0400406240371987,0.0015061637306986431,1.9918311913397393,0.01789565187067572
379,293,35,0.11945,0.9398444653914034,0.05729210832049613,0.9962839835129554,304.65645989452514,1.1321084278526852,0.028853905938934887,0.999528621660971,0.0390830999093627,0.4392395554268775,0.39531559988418974,False,False,0.2600119661170256,1.2383548835433293,0.00011971985986568913,1.8140532003474308,0.07334332879091116
380,1320,178,0.13485,0.34703091088348426,0.032160672322380304,0.9914115672777994,966.8292073310633,8.30354760102133,0.0287681526625472,0.9965580410285916,0.22407212714426183,0.4189363579974822,0.377042722197734,False,False,0.2437447653229708,2.5518557457114763,0.000570759480642073,1.868871833406798,0.317861486815085
381,1335,143,0.10712,0.5437802619126837,0.028496835147260025,0.9972537100921388,1231.421522842989,3.381840500506756,0.02882692201624122,0.9985938711591122,0.018824181388033545,0.08061226423378003,0.07255103781040202,False,False,0.1537648362776067,2.331140829312644,0.00041374106315570253,2.782346886568794,0.1375732934667431
382,402,52,0.12935,0.5231592902779718,0.044470844198238164,0.9927742511280168,505.6491160444848,3.653693529877758,0.02882366645832564,0.9984810953247768,0.02694843373444722,0.6109156495976087,0.5498240846378478,False,False,0.3206797739703856,2.9461031325311056,0.00016959039674733226,1.3505277460864564,0.2423950525348486
383,176,82,0.46591,0.3649234365258048,0.09128731386582273,0.937422624588958,119.99941911395582,7.5092486990009855,0.028777612944350245,0.9968857548033274,0.2157395925167669,0.7302605402470053,0.6572344862223047,False,False,0.2765290856831517,2.5685208149664662,0.0004878655330795457,1.0282965413330858,0.031382715645043247
384,5625,1186,0.21084,0.16416133972651642,0.025018318149641394,0.976773998672897,1597.6578513898771,37.107203376637734,0.028431274744403722,0.9848882476251409,0.014976167774244264,0.16113825339595006,0.14502442805635507,False,False,0.18426166724922408,1.0299523355484885,0.007469436219442114,2.564926715830935,0.06885272057806403
385,2225,254,0.11416,0.37755240975738674,0.0237891567728148,0.9960298802758981,1767.0217827983254,7.015288032805306,0.028783500837800017,0.9970897174154186,0.10783981635320972,0.4445024347838985,0.4000521913055087,False,False,0.17282515606291757,2.1965955400971895,0.000743170749378934,1.799843426083474,0.608583771524321
386,2205,763,0.34603,0.13196439500327647,0.03427605377201677,0.9325366211276921,851.1740389454178,57.42307667564729,0.028200660925547405,0.9768995506014084,0.03789435950693817,0.03789435950693817,0.03410492355624436,False,False,0.25694139523132314,1.8996714078941328,0.005484700316400908,2.897685229331267,0.015933850881140393
387,997,312,0.31294,0.2125582198383272,0.07011599048346889,0.8911876127706329,203.40698062071417,22.133199140457528,0.028604919445553618,0.9909034765222756,0.013944737298776901,0.013944737298776901,0.012550263568899211,False,False,0.2486074660708465,2.047940468156144,0.00202584453670096,2.9623492092933024,0.028864283365074125
388,1377,91,0.06609,0.5456015502747941,0.025396522085029703,0.9978333073925472,1550.4276579898747,3.359300144957075,0.028827191996299906,0.9986032235426856,0.22532578675150572,0.2538705293259458,0.2284834763933512,False,False,0.24138777119544225,1.7089076266757113,0.00028226145344080624,2.3145495708199464,0.21743911365702698
389,995,351,0.35276,0.2247870951182002,0.05215317202937843,0.9461707032740576,367.6533639805987,19.79052202200255,0.028632374957290208,0.9918545633477871,0.31334907493640507,0.6569156187413043,0.5912240568671739,False,False,0.21284528112937315,1.8211364239490055,0.0022569899589062305,1.226327829398478,0.042334862140695
390,6137,1145,0.18657,0.12159344486106964,0.019489376569822584,0.9743093218228559,2632.7165644238357,67.63627398824923,0.02808682645944173,0.9729562090224583,0.030701494933693382,0.2957522733006357,0.2661770459705721,False,False,0.27214624658936815,1.242461087984073,0.00868154478847827,2.2014688620882836,0.26020443347472794
391,468,92,0.19658,0.3799621947621945,0.07336596046881616,0.9627172069894986,185.78505914805908,6.926585904660849,0.02878455852883969,0.997126356907807,0.09837743775932782,0.2189214906767088,0.19702934160903793,False,False,0.29635311626067173,1.4541337325391748,0.0007690151181287747,2.4089119751728862,0.015730947277592038
392,436,81,0.18578,0.354557909136043,0.07744770025752708,0.9522863437604616,166.71817493647745,7.954733687802309,0.02877230596701862,0.9967019157158676,0.08931471837317861,0.4464601167757008,0.40181410509813076,False,False,0.3148284118934995,2.8213705632536428,0.00043827957467316097,1.7945576847056077,0.09032985167607714
393,823,370,0.44957,0.19928767466553304,0.05193482319696843,0.932086449558078,370.7513021599485,25.179037260647945,0.028569340902181585,0.9896709996266825,0.10585455198858224,0.393683285382572,0.35431495684431485,False,False,0.24255378419852647,2.2229130026120876,0.002141373717858743,1.9370551294670555,0.016282050746370933
394,648,311,0.47994,0.16007137841482047,0.04575255307940134,0.9183035288915411,477.71550028411946,39.02767056702456,0.02840923225666501,0.9841246734513677,0.16419975488671934,0.42190182543065097,0.3797116428875859,False,False,0.315101680235788,2.6716004902265613,0.002288418814836443,1.8608650713372423,0.022409740919639487
395,70,23,0.32857,1.01606068445198,0.1884024966078015,0.9656177722375026,28.172584679434713,0.9686362231065703,0.028855869625153872,0.9995966457469991,0.032248174001037515,0.9677518259989624,0.8709766433990662,False,False,0.2600502448340242,1.365179637839588,0.00011810472040389154,0.3870700698028013,0.09550597368545563
396,459,214,0.46623,0.24905973131822812,0.05605741361700918,0.9493407119312851,318.224701130022,16.121036805126487,0.02867553963294083,0.9933498315741693,0.0687565416788445,0.9312434583211555,0.83811911248904,False,False,0.26227490484998484,2.2087897157457075,0.0013635257047990444,0.48564266253288013,0.025301039953036206
397,291,100,0.34364,0.33357418555723484,0.13526465144289324,0.8355689739476013,54.65518447751473,8.98700806272088,0.028760019955431815,0.996276315790053,0.17458413195640543,0.3083927001056397,0.2775534300950757,False,False,0.26932176447474826,2.650831736087189,0.0005796608244961451,2.167339709714773,0.024267352848930328
398,543,226,0.41621,0.29666974198842927,0.06289645867960363,0.9550524649818688,252.78285392881,11.361966178948332,0.0287318131286643,0.9952992026484205,0.003966551658772346,0.9960334483412275,0.8964301035071048,False,False,0.19316548691280777,1.9673121829202063,0.0013958462386032353,0.3107096894786853,0.024934703437038467
399,158,74,0.46835,0.39417399795746366,0.08720433765337621,0.9510559130556381,131.49941607925297,6.436118853715781,0.02879040900145384,0.997329023224127,0.00955848411055605,0.9904415158894438,0.8913973643004995,False,False,0.34602684866849004,2.131005967737666,0.0004999649438722565,0.3258079070985013,0.017023936970414773
400,71,16,0.22535,0.9345599448945168,0.16199121477658313,0.9699552497775923,38.108080642112476,1.1449477643476398,0.028853751725241423,0.9995232795419249,0.06370560853874123,0.8535994682308266,0.768239521407744,False,False,0.2722254377670019,1.4142283668596645,0.00013409457775242996,0.695281435776768,0.03531319338964648
401,1789,525,0.29346,0.15441735054916,0.04703194430273747,0.9072329657694829,452.0787924633261,41.938008815336225,0.028375925855891472,0.9829709058842273,0.23294471481278983,0.3740694684896177,0.33666252164065597,False,False,0.2903233852298056,2.1088899049107948,0.0034206652077629915,1.9900124350780322,0.14445063502364885
402,3551,196,0.0552,0.5193884164659538,0.014153109430128855,0.9992574611007662,4992.2493695771645,3.7069393515865263,0.02882302894568544,0.998459011239111,0.10507349064640759,0.10507349064640759,0.09456614158176684,False,False,0.1893961965641043,1.2719548658370388,0.0002905663884111083,2.7163015752546995,0.41668787254804285
403,3157,628,0.19892,0.19866017014614976,0.030340133148431744,0.9766754454415095,1086.3381597979767,25.33835367717805,0.028567483573159844,0.989606659862042,0.20463420499297372,0.3846939905469758,0.3462245914922782,False,False,0.21381481864037855,1.542683053442767,0.0033357429670501752,1.9613262255231654,0.3897010626238953
404,4997,822,0.1645,0.1551305326725851,0.020045734933546822,0.9833025789289043,2488.6053664531205,41.553291683456244,0.028380321905312214,0.9831231895032134,0.09175755257636035,0.09175755257636035,0.08258179731872432,False,False,0.23254629928257814,1.8071644736324584,0.004486902794689322,2.752254608043827,0.38792638685684455
405,825,86,0.10424,0.5768238183544802,0.034703692449025006,0.9963803631443598,830.325982854602,3.0054785297361497,0.02883143093533944,0.9987500646984189,0.04955661792130506,0.5330549751906914,0.4797494776716224,False,False,0.24566134484526883,1.0991132358426101,0.0003366573511777702,1.5607515669851328,0.26157486392837526
406,216,32,0.14815,0.7153919430804628,0.09800201939094404,0.9812335571771366,104.11899096352643,1.9539430906912538,0.028844039839222894,0.9991868499414968,0.1509373734804784,0.31762531054132354,0.28586277948719124,False,False,0.28128773369450477,1.629893962670579,0.00020038940094013798,2.1424116615384263,0.024596506406877116
407,655,40,0.06107,0.8022725902463689,0.03432557124949568,0.9981694076731591,848.7200322799457,1.5536603787278358,0.02884884395636267,0.9993532694409287,0.04202812009429159,0.04202812009429159,0.03782530808486243,False,False,0.24441953741140882,1.38835697591921,0.0001597966230875687,2.8865240757454127,0.06482518051806112
408,261,19,0.0728,1.0179049885443916,0.06828657374209723,0.9954995477328974,214.45163152568594,0.965129331283626,0.02885591175557752,0.9995981051876851,0.014307238622270126,0.35080632278446694,0.31572569050602023,False,False,0.24497279636053898,1.4152353681629104,0.00010681063014172186,2.0528229284819393,0.04415630872549006
409,4407,194,0.04402,0.3874302763034144,0.012508098137126273,0.9989576934967791,6391.715559076316,6.662126693963469,0.028787712653103086,0.9972356189773588,0.06887149612032785,0.24380447512823186,0.2194240276154087,False,False,0.2907100180659169,2.0153807190423274,0.0002015311847003353,2.341727917153774,0.7282106191581152
410,3291,630,0.19143,0.1568363634589998,0.02264325626089586,0.9791558478009754,1950.3934811803483,40.65429856970856,0.028390602405599673,0.9834793164797155,0.02817228928671578,0.2102760600743072,0.1892484540668765,False,False,0.3197479391786998,1.0563445785734316,0.005231053619864949,2.4322546377993706,0.019973619068116042
411,71,26,0.3662,0.7465205908719059,0.25588869825554955,0.8825052050449552,15.272065922373269,1.794388254089174,0.028845954498405435,0.9992531756811636,0.03277661676524252,0.4894844117564269,0.44053597058078425,False,False,0.23366849883134422,2.845522213348299,0.00011629290879907827,1.6783920882576473,0.014131272666391923
412,1530,828,0.54118,0.1655201653856442,0.028280987319249398,0.9708064230057495,1250.2903115471904,36.50044647531836,0.028438249572621775,0.9851298627620956,0.05278506662296679,0.8226656914135372,0.7403991222721835,False,False,0.16055701332459335,2.386994718164472,0.004197861458273031,0.7788026331834493,0.16315092155142388
413,1159,211,0.18205,0.3008332190199319,0.04224409519768374,0.980281201749266,560.3610942909606,11.049647365883969,0.028735517727944075,0.9954275337319056,0.12853784762319878,0.12853784762319878,0.11568406286087891,False,False,0.24468991439265358,1.8223225383869148,0.0011410523399381855,2.6529478114173632,0.09775118099508615
414,4157,382,0.09189,0.20853013672681853,0.015729305166878014,0.9943104041169234,4041.8568056852664,22.996531841612043,0.028594821329363314,0.9905536675162288,0.04611877706184154,0.1927054292005254,0.17343488628047288,False,False,0.34077624458763167,1.2839205530395128,0.0023792045728288787,2.4796953411585814,0.4504600236781648
415,3645,757,0.20768,0.1736417240126482,0.03137615448834672,0.9673493936314123,1015.7821354496092,33.16590266080867,0.02847667285783737,0.9864608844058379,0.12103073137416023,0.12103073137416023,0.10892765823674422,False,False,0.20878729174689473,1.793564268965416,0.003988266544679686,2.6732170252897673,0.2353065524635428
416,5404,1402,0.25944,0.11912762997046676,0.021665337702956585,0.9669245377459931,2130.4388553247077,70.46524994376209,0.028055538221441974,0.9718723526645606,0.004662140157008112,0.8777781897996301,0.7900003708196671,False,False,0.24584966296877309,1.2838979785808715,0.009787588898535534,0.6299988875409985,0.7678348523532226
417,1265,263,0.20791,0.2685339942491196,0.04006378805029827,0.9777410088976595,623.0113815699383,13.867604799022137,0.02870214402408341,0.9942714347174371,0.040862316006665234,0.47002544344964997,0.423022899104685,False,False,0.26954305122230804,1.0817246320133305,0.0019092264635356747,1.730931302685945,0.04314368278912442
418,995,425,0.42714,0.21011107484937896,0.048848256031744,0.9459494350572285,419.08476527204226,22.65176832186267,0.02859885263109191,0.9906933159045201,0.2526060356676992,0.6387096292455683,0.5748386663210115,False,False,0.20052120713353982,2.115722890267414,0.002382117145251208,1.2754840010369655,0.07466394520920827
419,389,146,0.37532,0.3851075816424946,0.08537481425998408,0.9508531818273867,137.1956862325992,6.742731445340466,0.028786751194993434,0.9972023130914535,0.17588884663364462,0.7653703066136727,0.6888332759523054,False,False,0.1851777693267289,1.7873784391034113,0.0008962986658381528,0.9335001721430838,0.02840770977167027
420,131,29,0.22137,0.8660855607030701,0.10704641329262819,0.9847235429126152,87.26814795708066,1.333148117361889,0.02885149152832509,0.9994449840240409,0.047991933169037604,0.8407504292893518,0.7566753863604166,False,False,0.26977492661954905,1.0959838663380752,0.0001689760547444375,0.7299738409187501,0.12163719579600106
421,346,177,0.51156,0.23254364799871596,0.05140406169102074,0.9511363493956401,378.4470530511136,18.492304572539283,0.028647623782883515,0.9923827981614545,0.07938630710939532,0.9206136928906047,0.8285523236015443,False,False,0.2565627711897592,2.56817145809612,0.001299753242615522,0.5143430291953673,0.0625269987767363
422,1076,518,0.48141,0.22390096145408273,0.04080368151651192,0.9667886307456784,600.6220912194206,19.94748205379098,0.028630532958714726,0.991790754645383,0.0421481247124754,0.8578190434123437,0.7720371390711094,False,False,0.15842962494249507,2.132799159987508,0.002679215765771541,0.683888582786672,0.0856538817550885
423,1542,451,0.29248,0.14156230019373897,0.04007831319833058,0.919846286445392,622.559880895613,49.900486363897826,0.028285397182960467,0.9798349006630616,0.043027867281965344,0.18846402379992025,0.16961762141992823,False,False,0.3413944265436069,2.100525500711975,0.0038357716927594505,2.4911471357402153,0.05739201918672658
424,108,33,0.30556,0.5546516173581447,0.09747997821783377,0.9691119650881228,105.23716815425887,3.2505693239758386,0.02882849444049812,0.9986483415331923,0.05684107281040963,0.8222687186320056,0.740041846768805,False,False,0.33863178543791805,2.0367959981429697,0.0002482919609029296,0.7798744596935847,0.11171622176982954
425,1389,465,0.33477,0.19273867843611628,0.047128018439036315,0.9402110941664787,450.23747555231273,26.919206028519554,0.02854907342442696,0.9889689136024369,0.06217816913478472,0.10209883696607432,0.09188895326946689,False,False,0.25339099780012675,1.6653689398125766,0.0029385219261441465,2.7243331401915993,0.013315465027131986
426,1005,400,0.39801,0.21763449784813438,0.04941358054114722,0.9484489906316832,409.5503971395095,21.112736359736722,0.028616869267576475,0.9913174304999754,0.1195748144846241,0.7714845419023895,0.6943360877121506,False,False,0.2165177344514101,1.822342813260773,0.0024019258961607464,0.9169917368635485,0.017344014541154272
427,1147,131,0.11421,0.3967304090664506,0.027034840182057027,0.995356380428171,1368.2088236109582,6.353441271669,0.02879139556166847,0.9973631986724563,0.00602609184633196,0.5647383747478388,0.508264537273055,False,False,0.3396799392286701,1.012052183692664,0.0006286380658290904,1.475206388180835,0.40697394664200176
428,502,232,0.46215,0.19117622413363244,0.04490315486636315,0.9448321636926007,495.95958662968286,27.361017290271764,0.028543934578856706,0.9887908987700382,0.05416114175146259,0.9040954552893471,0.8136859097604124,False,False,0.33916777164970746,2.5145799225527994,0.0017236006577480546,0.5589422707187626,0.12697271263017293
429,454,55,0.12115,0.534060619266826,0.052159117387047635,0.990461515952835,367.5695548104795,3.506056334783282,0.028825434340899736,0.9985423365735798,0.05600251845589872,0.05600251845589872,0.05040226661030885,False,False,0.2788135020142528,1.7709337925604018,0.00033539743144691224,2.8487932001690734,0.039463694389129805
430,972,66,0.0679,0.806073396841192,0.02965469660350808,0.9986465637825017,1137.1376256692351,1.5390432468607478,0.028849019433837247,0.9993593481589599,0.018026989919173446,0.29598004314487675,0.2663820388303891,False,False,0.22567257967959733,1.4641949646846022,0.00010865606672953195,2.2008538835088327,0.16711555073725154
431,3201,1186,0.37051,0.13202285605576627,0.03109323146671733,0.9445331538574228,1034.3518135586346,57.37223289995253,0.02820123108828305,0.9769193016179428,0.06847759410484947,0.3107396497400355,0.27966568476603193,False,False,0.20437713523125575,1.7191574474483045,0.007295327817232171,2.161002945701904,0.014767615390576099
432,2323,303,0.13043,0.37407955228884376,0.025570428666075135,0.9953275132563882,1529.4102014383388,7.146148891765228,0.028781940655657562,0.9970356711206227,0.01262080042653241,0.18689395508158005,0.16820455957342206,False,False,0.15252416008530648,1.915371794710003,0.0010936188022107355,2.495386321279734,0.27518541089919524
433,2151,1247,0.57973,0.07720336012900735,0.018999764180338344,0.9394346800083045,2770.1518658848418,167.77513418290766,0.02703912589935864,0.9366627969988127,0.0036591907543277458,0.6374090796959291,0.5736681717263362,False,False,0.313893635440053,2.9926816184913445,0.008378059054943342,1.2789954848209912,0.03453929887159006
434,152,34,0.22368,0.6192294887067805,0.08445119263790372,0.9814001982869187,140.21304652916785,2.6079348630295627,0.028836195915418406,0.9989151284502953,0.10480280110806356,0.6418474625989333,0.5776627163390401,False,False,0.2874031775632385,2.602022505718617,0.00016203379442830638,1.2670118509828798,0.09747231796052053
435,2145,976,0.45501,0.11477421573664176,0.03237547945324981,0.9204310275584946,954.042194409133,75.91215707497365,0.027995589206401574,0.969795657866287,0.11502153879020456,0.1985460599021217,0.17869145391190955,False,False,0.24590716949939886,2.372406927480009,0.005887852509710337,2.4639256382642714,0.03486977493875422
436,161,33,0.20497,0.8030233871046064,0.12200202995608797,0.9769177720232597,67.18400449219925,1.5507565080792882,0.028848878816837824,0.9993544770432117,0.035762358422049105,0.24590445589577964,0.22131401030620168,False,False,0.263664221196775,1.4379928546697427,0.00018448558915152443,2.336057969081395,0.01179029623019027
437,5190,923,0.17784,0.11407200798120679,0.021724782433026182,0.9637295704584853,2118.7959218899036,76.84963819775646,0.02798530993983376,0.9694395736270869,0.09402215012069313,0.3322250143624271,0.2990025129261844,False,False,0.3118099613785623,1.963857553477963,0.006485682729183342,2.102992461221447,0.6243530445090534
438,52,27,0.51923,1.1562088596060194,0.1962205596735889,0.9711984119463992,25.9723340359293,0.7480444656933503,0.028858520087380317,0.9996884604517939,0.00514829957299189,0.994851700427008,0.8953665303843072,False,False,0.1537508727303028,2.1043119862935113,0.00010659875048182,0.3139004088470781,0.14043613500239704
439,303,22,0.07261,0.8018021248117208,0.05399364557880518,0.9954652756051243,343.01625187980136,1.5554841652381552,0.02884882206217921,0.999352511004166,0.0823193778820969,0.6368009518731047,0.5731208566857943,False,False,0.28623686153092764,1.265677087749331,0.00014609614476160582,1.280637429942617,0.15081931512936586
440,1438,155,0.10779,0.5723064252439736,0.028082349916760438,0.997592259657445,1268.0404481539676,3.0531121430117993,0.028830860154709804,0.9987302922774087,0.0542020113179928,0.503253214438782,0.4529278929949039,False,False,0.16084040226359855,1.820580313747082,0.00036989888736121534,1.6412163210152884,0.46101339969097693
441,1966,761,0.38708,0.14892755969814078,0.043734835269357585,0.9137607752921417,522.8113530448026,45.086845755050156,0.028340021642510486,0.981727147448594,0.17543837845911603,0.47042763458945686,0.4233848711305112,False,False,0.20736781594416484,2.203807808641156,0.0044578273364103685,1.7298453866084664,0.1349261283661897
442,3023,680,0.22494,0.1502865922704977,0.025192699156821013,0.9718998313132664,1575.6167861894019,44.27509747757125,0.028349264459066926,0.9820473280062099,0.1066763595497463,0.6089121639774919,0.5480209475797427,False,False,0.2983181712975611,1.2133527190994926,0.005365102260530499,1.3559371572607717,0.06663338790443005
443,476,106,0.22269,0.3289555952308621,0.0720156517486133,0.9520731114244119,192.8173940843632,9.241137761716542,0.028756997746286397,0.9961716233942338,0.03478872024133957,0.03478872024133957,0.031309848217205616,False,False,0.33798922059746617,1.8053224562164312,0.0008219460192342412,2.906070455348383,0.018160506689958476
444,333,138,0.41441,0.2893323670719435,0.10764087195785173,0.8615922609987959,86.3069134981386,11.945544757449863,0.028724894794059683,0.9950595445076413,0.12761760569463598,0.2686471036136914,0.2417823932523223,False,False,0.2629257973081906,2.5846440976981446,0.0008028993161504803,2.274652820243033,0.017998454371264083
445,2085,592,0.28393,0.16884429253325606,0.03511846074039729,0.9567388385232556,810.8285933064695,35.077386704992705,0.028454628173198538,0.9856972341292122,0.12417197593590765,0.32712453138244,0.2944120782441961,False,False,0.2581474288913744,1.45691750831994,0.004223400508799069,2.116763765267412,0.01771511401750613
446,54,12,0.22222,0.9207113489547348,0.17068417724491997,0.965633165361921,34.325231420094596,1.1796495521281842,0.028853334933298114,0.999508841445485,0.02531722584896235,0.9208757743792673,0.8287881969413405,False,False,0.3280910666384867,1.6586141286636038,0.00011236587853949133,0.513635409175978,0.05090808725472102
447,393,114,0.29008,0.26630913671699497,0.08759553276984425,0.8918088384855727,130.3275055980779,14.100284207934076,0.028699393543749004,0.9941761552837488,0.004826298350626146,0.405167922543841,0.3646511302894569,False,False,0.34903474032987475,2.4846650201121205,0.0008972422309157468,1.9060466091316293,0.04555943299496651
448,1161,291,0.25065,0.30249134995476645,0.08661409251585311,0.918011828885455,133.29776909140548,10.928840301453265,0.02873695107681186,0.995477186393185,0.06388636008406987,0.3200382308727013,0.28803440778543116,False,False,0.16277727201681397,2.2594677605012743,0.0013646473686216884,2.1358967766437065,0.11564118432559846
449,315,68,0.21587,0.5326217843473854,0.11237164199122249,0.9554881542461235,79.19295458570978,3.525024579312857,0.028825207187317372,0.9985344677426643,0.27841737632512586,0.4268818997884054,0.3841937098095649,False,False,0.23252911148263894,1.754648906497204,0.00039374510544027124,1.8474188705713053,0.03604414703584169
450,3944,598,0.15162,0.14088444282693427,0.020431283502147277,0.9789687433807529,2395.5690852099924,50.38182818018636,0.02827995234415681,0.9796462859141225,0.07723377740165262,0.3426773904721227,0.30840965142491045,False,False,0.3212504667382752,2.6689111458073587,0.0029379786751989657,2.0747710457252686,0.7007005287234167
451,2151,1153,0.53603,0.1426692854426077,0.026179108639933772,0.9663295641196059,1459.1175773348048,49.129124829607505,0.028294129226619485,0.9801373875284881,0.04665733995342911,0.10122005268155126,0.09109804741339615,False,False,0.15933146799068582,2.452468597852957,0.005579107737891548,2.7267058577598116,0.014905919981535188
452,260,140,0.53846,0.30375196731430676,0.06442715487029861,0.955011687058326,240.9140306452898,10.83831580271035,0.028738025270384264,0.9955143975500764,0.06150162363746325,0.9384983763625367,0.8446485387262831,False,False,0.23517018321332517,2.468657406678483,0.0008503630411984982,0.4660543838211508,0.16908649664028616
453,351,27,0.07692,1.0787115138634982,0.058320827515353106,0.9970769467536226,294.00359769550084,0.8593881706904768,0.028857182175104867,0.999642113811051,0.030629114466257316,0.1742479743592563,0.15682317692333067,False,False,0.1754843992194004,1.7239940569258072,0.00011514848515236868,2.529530469230008,0.04078264076602093
454,1030,153,0.14854,0.41973218104447735,0.0412617729794,0.9903361265432019,587.3598137909244,5.676170914083982,0.028799480991907142,0.997643286191945,0.05772840440642857,0.15906726237633914,0.14316053613870525,False,False,0.21931484869741238,1.1154568088128571,0.0008940582034600691,2.5705183915838843,0.07002252517261488
455,211,53,0.25118,0.5322142682651171,0.09961761309487815,0.9649652327937807,100.76918287500008,3.5304248635865725,0.02882514251737448,0.9985322275101282,0.02492774710829903,0.975072252891701,0.877565027602531,False,False,0.27911223074627883,1.4058936449051063,0.0004154906164915415,0.3673049171924074,0.24253511316676465
456,1999,980,0.49025,0.10230094146324133,0.026455354287383822,0.9331243674469226,1428.8045881073372,95.55221062441736,0.027782577861882367,0.9624167284403704,0.1095275600604827,0.483970788023394,0.4355737092210546,False,False,0.2750463192900301,2.6417067619589383,0.00603871981823995,1.6932788723368362,0.048662274074684674
457,1767,921,0.52122,0.11296914889746992,0.03053239176652697,0.9269530749372091,1072.7001651631397,78.35744857951525,0.027968800867641794,0.9688676825906408,0.03164448373230844,0.5476400610307375,0.4928760549276638,False,False,0.23438439637878186,2.936711032535383,0.004803053238931806,1.5213718352170087,0.18250195224507507
458,95,16,0.16842,0.6604591694641424,0.13250218535123323,0.9597510890189677,56.9578933076455,2.2924931774065613,0.02883997849816974,0.9990461609604782,0.050491721591707395,0.5628091793144068,0.5065282613829661,False,False,0.2968313407970622,2.86425943020077,0.0001261779430252042,1.4804152158511015,0.04085139041608933
459,698,104,0.149,0.4883850748954655,0.032389921965138194,0.9956015968187022,953.1915783559913,4.192520870627268,0.028817217025598335,0.998257680421503,0.13334731889222085,0.6551759804539865,0.5896583824085878,False,False,0.23587015437110437,2.5480970020002296,0.0002571400308418567,1.2310248527742365,0.5411346731699074
460,2824,1882,0.66643,0.09865047272461147,0.015384232391044455,0.9756805739091282,4225.210367074302,102.75469124044874,0.02770567127969568,0.9597526062846942,0.04357429554440771,0.8510832045375726,0.7659748840838154,False,False,0.17313600890274347,2.9090254617123286,0.00818184803524583,0.7020753477485537,0.018660981014220836
461,2044,116,0.05675,0.6075916852692732,0.018911132421959034,0.9990312506427357,2796.1787350204295,2.708796352347201,0.028834986760444662,0.9988732420933203,0.09307814457053612,0.16125931819177705,0.14513338637259934,False,False,0.23327029132951355,1.4516349039829683,0.0001535169343332298,2.564599840882202,0.26465511357690125
462,1152,64,0.05556,0.4932282616627384,0.026003697840129677,0.9972204511247066,1478.8692476794054,4.1105893540933085,0.028818197416499432,0.9982916421585426,0.026940557175877622,0.23795795484678145,0.21416215936210334,False,False,0.3116477046598416,2.9461188856482448,0.0001816726832776028,2.35751352191369,0.18994525191763614
463,1727,558,0.3231,0.13955192760095955,0.03328580366744266,0.9431086269955663,902.572101951376,51.348566115511495,0.028269026297724608,0.9792677965631938,0.06813815724675265,0.5486185783726986,0.49375672053542874,False,False,0.33637236855064945,2.0457622785015683,0.004062343366431373,1.5187298383937138,0.17960412227967054
464,158,85,0.53797,0.30640073438694837,0.08477218728591346,0.9234531763559733,139.15320775464298,10.651736053495258,0.02874023966731418,0.9955911065098912,0.011665704049761695,0.6044567972865913,0.5440111175579322,False,False,0.34766685919004764,2.7922558870808185,0.0005773309608456625,1.3679666473262033,0.012512863098644949
465,1920,95,0.04948,0.7920802599527245,0.019217661597689263,0.9994113424707609,2707.6898481992707,1.5939020159867479,0.028848360875335065,0.9993365350232492,0.013212332454831062,0.11577008884563962,0.10419307996107567,False,False,0.17138602747672602,1.373437769946335,0.00010627342196097872,2.687420760116773,0.23166758743859606
466,5469,394,0.07204,0.23392848584641904,0.012436667403766345,0.9971735466586231,6465.348803218028,18.27400672802259,0.02865019029680736,0.9924717048117431,0.019743740187664345,0.3087642360490535,0.2778878124441482,False,False,0.32253402417888305,1.070062073503764,0.0017290364600189858,2.1663365626675555,0.9130877569521328
467,3443,1308,0.3799,0.09645528860071742,0.022022767205932395,0.9478695244749837,2061.8459968284997,107.48501227402086,0.027655508000543706,0.9580148993213846,0.013367300022086047,0.9340865243039151,0.8406778718735236,False,False,0.2861125911323077,1.9211064960737771,0.009402977566069505,0.4779663843794291,0.04829940667591318
468,736,169,0.22962,0.44348110114569816,0.07558331531132288,0.9709529762022718,175.0443611679361,5.084517724503164,0.028806549879453292,0.9978881596396034,0.19220368778006594,0.410097375739193,0.36908763816527373,False,False,0.18844073755601318,1.3964817344123412,0.0008191296476006101,1.8927370855041787,0.06361862165501818
469,1422,793,0.55767,0.1219770757935146,0.026964440111320768,0.9511317959253418,1375.3625222335008,67.21149641314334,0.028091533508907772,0.9731192659990368,0.11203803234642473,0.813462701438177,0.7321164312943593,False,False,0.23624450628531748,2.7759239353071505,0.004307504196113117,0.803650706116922,0.35174462145746904
470,1908,613,0.32128,0.1476388418061844,0.02936376177614137,0.96044311134066,1159.7826723270507,45.877394038272996,0.02833102889943397,0.9814156296904353,0.18104282728671073,0.7822629219286927,0.7040366297358235,False,False,0.30973219553229625,1.7007313390821424,0.004344245354982974,0.8878901107925297,0.3618557796867753
471,415,57,0.13735,0.6455195983710668,0.058769970430945645,0.9917111919989023,289.52699017520314,2.399833632697947,0.028838691170348863,0.9990015666166431,0.14492458336010897,0.440875704482081,0.396788134033873,False,False,0.21921075640572607,2.3770823557245233,0.00019491675237127742,1.8096355978983811,0.10730880441639257
472,1918,166,0.08655,0.4513550367209599,0.02286276272199619,0.9974342116322739,1913.1216294107592,4.908665222787406,0.028808651913902476,0.9979609762489083,0.1837250531866174,0.38213505389073266,0.3439215485016594,False,False,0.209299630913236,1.677426466616199,0.0004789011123623923,1.9682353544950217,0.4290914822910183
473,86,23,0.26744,1.036489887163386,0.19039334539733366,0.9662578002879596,27.586491534665118,0.9308289067171822,0.028856323837161822,0.9996123801125026,0.02309391562847052,0.6336005567523939,0.5702405010771545,False,False,0.18865243321807904,1.9781105346281826,0.00011122126524131558,1.2892784967685365,0.023471342241920705
474,3518,773,0.21973,0.13459667245231377,0.025492149186653004,0.9641289362024958,1538.8174310562317,55.19901824212954,0.0282256339212401,0.9777646405485474,0.09924668037631579,0.25186303346465777,0.226676730118192,False,False,0.29513129880495464,1.3930085499564633,0.0063315004087503915,2.319969809645424,0.08014620457722944
475,1581,257,0.16256,0.329628952620792,0.03478764659157117,0.9888622004421265,826.3231141989187,9.203421215985394,0.02875744622589871,0.9961871591837275,0.00107115865536989,0.00107115865536989,0.000964042789832901,False,False,0.15739294207807286,2.369595533841791,0.001128014076042066,2.9971078716305013,0.11000859187518304
476,499,112,0.22445,0.39292089498096683,0.06205435829290926,0.9750578246194184,259.690117076391,6.477236444723122,0.02878991839860085,0.9973120282427728,0.07320999425703734,0.5642269966309946,0.5078042969678952,False,False,0.28890256601469555,1.1464199885140747,0.000824745503693156,1.4765871090963143,0.01678360504154922
477,64,23,0.35938,0.619102904254414,0.1371165287644525,0.950948314211065,53.18882295957183,2.6090014312962113,0.028836183128312095,0.9989146854919391,0.09010851548253514,0.7790556806835349,0.7011501126151815,False,False,0.33197829690349295,2.1690212166232037,0.0001900941478854774,0.8965496621544555,0.020999515189868225
478,1118,249,0.22272,0.3782576454066112,0.063077713534868,0.9721915709593683,251.33218974093108,6.989153364037276,0.02878381245749696,0.9971005122383735,0.036266436758139314,0.12212580917002917,0.10991322825302625,False,False,0.15725328735162786,1.072610667146664,0.0016616645740181275,2.6702603152409212,0.012274828580982524
479,975,464,0.4759,0.1329154707287178,0.03212229014985427,0.9415933988873806,969.1410708754563,56.6042359484796,0.02820984762428253,0.9772177871806698,0.04539910275688951,0.7061521696510176,0.6355369526859159,False,False,0.3292043836362611,2.538437639169037,0.003470761667716036,1.0933891419422523,0.012325320054233029
480,3405,978,0.28722,0.10015255660379517,0.03072111054008072,0.9059086408660212,1059.5615208242825,99.69558358042234,0.027738257686443186,0.9608814325271499,0.03359723371032815,0.03359723371032815,0.030237510339295337,False,False,0.3201100760491566,2.2576875882315592,0.007208982937257962,2.909287468982114,0.1326079156175005
481,206,51,0.24757,0.48980134090418387,0.10941256557369824,0.9501006987622426,83.53444595485004,4.16831048243023,0.028817506716208086,0.9982677155985943,0.2434296238515652,0.6391502850427933,0.575235256538514,False,False,0.24674920084226304,2.4975088560231944,0.0003068027497510461,1.274294230384458,0.07362787656212776
482,5204,1120,0.21522,0.12619048307539554,0.020108052036441462,0.9746085913495788,2473.2043353515337,62.798141954904196,0.02814057925770744,0.9748182605753625,0.03755841053434,0.6094759829352376,0.5485283846417138,False,True,0.2762446539524133,1.107713512242192,0.008411688448235378,1.3544148460748584,0.06385103312090987
483,2093,1280,0.61156,0.09752027124583824,0.020069796466896626,0.9576458339161803,2482.641801603564,105.15022319175071,0.02768023347869427,0.9588714150093488,0.05137490786352661,0.8590678766099478,0.7731610889489531,False,False,0.22730835916493095,2.897250184272947,0.0065259207445881205,0.6805167331531408,0.49432728794560327
484,494,175,0.35425,0.2808274024900702,0.06367307262466615,0.9485917701895902,246.65412583980225,12.680051984858297,0.02871619429693712,0.9947581504462937,0.24802073664265145,0.7519792633573484,0.6767813370216137,False,False,0.2466560059086096,1.936086502898557,0.001204918065937035,0.969655988935159,0.07144161396610127
485,706,137,0.19405,0.43074811593894746,0.045217037894447504,0.9889806127716952,489.0978820349284,5.389558954686596,0.02880290469215734,0.9977618866476096,0.013258418430616925,0.7619553026757605,0.6857597724081845,False,False,0.24101887383372805,1.0265168368612339,0.0007529911588170772,0.9427206827754466,0.4230999446871188
486,2318,140,0.0604,0.6171511254302466,0.01818602384227715,0.9991316546926703,3023.6010518898,2.6255297846456824,0.028835984971758037,0.9989078211475494,0.002180333559547516,0.40816326009778187,0.36734693408800373,False,False,0.20562124672072735,1.9462631876136474,0.0001010091385147308,1.8979591977359889,0.6114354811578651
487,2294,683,0.29773,0.12345612557135861,0.030694426185043613,0.9381850174363374,1061.4045919788896,65.61070634616645,0.02810929348718366,0.9737344896933399,0.0024402300800055454,0.0033511321669368157,0.0030160189502431343,False,False,0.34951195398399887,1.8979215275176065,0.005522621602900173,2.9909519431492706,0.046921019299971986
488,66,28,0.42424,0.4980604554406809,0.0955773162517477,0.9631747638483279,109.46879479070112,4.031214219406502,0.028819147313219665,0.9983245475461703,0.016151727175405684,0.9712833155714664,0.8741549840143198,False,False,0.3453370115439139,2.68809565534569,0.00021606985996913024,0.3775350479570407,0.9283175173123938
489,90,38,0.42222,0.765778326442931,0.15455273961318655,0.9592669177076558,41.86456513756178,1.7052727768815075,0.028847024050733666,0.9992902260606406,0.05452146063995995,0.6370560286143522,0.5733504257529171,False,False,0.16090429212799198,2.6676370981386897,0.0001756439253930189,1.279948722741249,0.019738524666706232
490,52,26,0.5,0.9261432181726926,0.1727709848936761,0.9651995134274064,33.50104714531661,1.165852741348416,0.028853500640164665,0.9995145816997256,0.017989529555291827,0.7574067401114555,0.68166606610031,False,False,0.17235856569096586,2.6758796827893523,0.0001086373239413949,0.9550018016990702,0.021994131963467802
491,324,75,0.23148,0.5592777836905053,0.07909998075537694,0.9799968855660343,159.8259315193986,3.1970163976977024,0.028829135995055714,0.9986705656349838,0.14804376300623645,0.5644974730097811,0.5080477257088031,False,False,0.2534438155644725,1.296087526012473,0.00040407089406198333,1.4758568228735907,0.0517736644216057
492,582,178,0.30584,0.2971004676145789,0.0637271398219514,0.9539910646856453,246.23577221155617,11.329045715761662,0.02873220355031453,0.995312727251112,0.39657493872433447,0.6034250612756654,0.543082555148099,False,False,0.2650066520203005,2.1382560725701025,0.0009479967579742744,1.3707523345557031,0.1574872294484314
493,981,455,0.46381,0.17051895109029302,0.03887156102887945,0.9480340754677988,661.814132137592,34.391783245006316,0.028462529183108456,0.9859709331411138,0.11543742809641755,0.8845625719035823,0.7961063147132242,False,False,0.24934984182852782,2.2115560789451085,0.0028735783900560308,0.6116810558603274,0.028920728142649916
494,2501,1102,0.44062,0.1398484443788724,0.03532824561082995,0.93618410529276,801.2275203410668,51.13105107462854,0.028271483542780324,0.9793529180288568,0.10704467636847807,0.43995063457605066,0.39595557111844565,False,False,0.1714089352736956,2.4197282413695183,0.005513133111013268,1.812133286644663,0.15566820821678806
495,37,13,0.35135,0.7788925196117671,0.1625036636709777,0.9564717459709136,37.86811494209761,1.648332926802269,0.028847707497679922,0.9993139013573443,0.032055093771413384,0.8960019078557887,0.8064017170702099,False,False,0.3282449333373273,2.277479664491865,0.00011590713940346078,0.5807948487893702,0.05750997358053979
496,3540,662,0.18701,0.15113877766330294,0.022449636924224664,0.9779368848250166,1984.181320658793,43.77722100574559,0.02835493791060297,0.9822438621325041,0.1381955968648474,0.4944770921676001,0.4450293829508401,False,False,0.30036134648894486,1.4511572411929092,0.004708481962128097,1.6649118511474796,0.5291865607262628
497,605,287,0.47438,0.16640212796331233,0.0481260971403065,0.9163543163462475,431.75632984680385,36.11455338187096,0.028442688185419274,0.9852836208197034,0.03498359709393295,0.5413573893124127,0.4872216503811715,False,False,0.2925158074513444,2.930032805812134,0.0019254512118178685,1.5383350488564855,0.04317083609680386
498,2830,993,0.35088,0.12106251344392083,0.027647580597507677,0.9478451269079728,1308.23491128194,68.23082577246898,0.028080242078250082,0.9727281193672516,0.014106033687197213,0.9858939663128028,0.8873045696815226,False,False,0.2621694940981273,1.6949793308852015,0.006712365567946024,0.33808629095543247,0.053669591447467684
499,1239,716,0.57789,0.17944079741871827,0.03025823962028076,0.9715655433018656,1092.2264372275417,31.056865333904124,0.028501055429763774,0.9873055214737527,0.008733732225533896,0.008733732225533896,0.007860359002980507,False,False,0.15563509991879665,2.718007359313362,0.003156041332984133,2.9764189229910585,0.011519147485022637
