{
  "trend": {
    "slope": -116.89658068170381,
    "intercept": 91.12876370620849,
    "resid_sd": 15.073977739953875,
    "n_clean": 56
  },
  "cells": [
    {
      "fam": "B1",
      "level": "medium",
      "n": 6,
      "mean_resid": -67.29537715660659,
      "ci": [
        -89.80250655961363,
        -44.03551158649518
      ],
      "sigma": -5.347483394330175,
      "per_spec": [
        -18.4,
        -76.7,
        -68.1,
        -77.1,
        -111.4,
        -52.1
      ],
      "counts": [
        1520,
        554,
        1017,
        1393,
        265,
        955
      ],
      "caught": true
    },
    {
      "fam": "B1",
      "level": "bright",
      "n": 6,
      "mean_resid": -892.0842879420152,
      "ci": [
        -1165.5763692101068,
        -562.188994898313
      ],
      "sigma": -5.1232568929106534,
      "per_spec": [
        -614.7,
        -988.9,
        -173.8,
        -1338.5,
        -1064.7,
        -1171.9
      ],
      "counts": [
        29288,
        16152,
        25874,
        1420,
        4279,
        3338
      ],
      "caught": true
    },
    {
      "fam": "B4",
      "level": "medium",
      "n": 4,
      "mean_resid": 13.11013194062496,
      "ci": [
        2.695751164859342,
        25.861914976612617
      ],
      "sigma": 1.9781142063114652,
      "per_spec": [
        3.6,
        4.9,
        11.6,
        32.3
      ],
      "counts": [
        1443,
        1168,
        2038,
        217
      ],
      "caught": false
    },
    {
      "fam": "B4",
      "level": "bright",
      "n": 4,
      "mean_resid": -3.4054746304339147,
      "ci": [
        -16.271898195347877,
        10.850716429026203
      ],
      "sigma": -0.46720806963490297,
      "per_spec": [
        13.7,
        -16.0,
        3.7,
        -15.0
      ],
      "counts": [
        17263,
        8219,
        17428,
        2208
      ],
      "caught": false
    }
  ]
}